isin,words_pos,words_neg,words_uncertain,words_complex,chars,words,fog,flesch,difficult_words,smog,nums,tables,imgsize,year,start,end,Sustainability_Page_Count,company,country,auditor,SASB_industry,market_cap_2024,Market_Cap_Cat,words_pos_500,words_neg_500,nums_500,tables_500,imgsize_500
AT00000AMAG3,654.0,713.0,530.0,55.0,424564.0,64253.0,3401.76,-1578.58,17079.0,2053.2,1689.0,61.0,0.6760688365306311,232760.0,1150.0,14260.0,115.0,AMAG Austria Metall,Austria,EY,Metals & Mining,876127027.2,1.0,5.089256532768898,5.548379064012575,13.143355174077476,0.4746860068790562,0.005260990432591716
AT0000606306,2059.0,1733.0,1472.0,769.0,1229387.0,198475.0,9484.03,-3771.82,39257.0,7434.7,16118.0,267.0,0.0966749267416435,696256.0,25456.0,143448.0,344.0,Raiffeisen Bank International,Austria,Deloitte,Commercial Banks,6714497007.3,3.0,5.1870512659025065,4.365789142209346,40.60461015241214,0.6726287945585087,0.0002435443424654075
AT0000609607,770.0,688.0,541.0,65.0,450431.0,68197.0,2530.79,2422.15,17647.0,2096.8,2366.0,60.0,2.3743426327501527,275264.0,2992.0,21352.0,136.0,PORR,Austria,EY,Engineering & Construction Services,698795839.85,1.0,5.6454096221241405,5.0442101558719585,17.34680411161781,0.4399020484772057,0.017407969798892566
AT0000644505,210.0,246.0,22.0,124.0,907019.0,120791.0,4036.35,4072.18,34378.0,3185.4,5063.0,206.0,0.4002836868137819,406824.0,9246.0,49446.0,201.0,Lenzing,Austria,KPMG,Chemicals,1179337428.1,1.0,0.8692700615112053,1.0182877863416977,20.95768724491063,0.8527125365300395,0.0016569267859930868
AT0000652011,1349.0,884.0,853.0,254.0,719443.0,119292.0,17503.42,-31264.64,22035.0,1960.6,9696.0,198.0,0.1210888980549736,429088.0,20776.0,65508.0,212.0,Erste Group Bank,Austria,PwC,Commercial Banks,23970688014.0,4.0,5.654193072460853,3.705193977802367,40.63977467055628,0.8298963886932904,0.000507531511144811
AT0000720008,580.0,551.0,396.0,69.0,292841.0,45007.0,2020.52,379.29,10867.0,1462.9,1586.0,53.0,1.139083157246841,178112.0,2992.0,10648.0,88.0,Telekom Austria (A1 Telekom Austria),Austria,EY,Telecommunication Services,5472186594.1,3.0,6.443442131224032,6.121270024662831,17.619481414002266,0.5887972981980581,0.012654511045468938
AT0000743059,1873.0,2775.0,1290.0,278.0,1116479.0,165449.0,5525.19,6014.23,42715.0,5616.8,5805.0,261.0,4.476620940546629,663872.0,31488.0,138744.0,328.0,OMV,Austria,KPMG,Oil & Gas – Refining & Marketing,12648304410.0,3.0,5.6603545503448185,8.386270089272223,17.543170402964055,0.7887627002883063,0.013528703529627342
AT0000746409,743.0,1063.0,678.0,88.0,551793.0,82646.0,4203.45,1002.36,21551.0,3255.5,2638.0,90.0,0.0448129233811171,388608.0,29952.0,66624.0,192.0,Verbund,Austria,EY,Electric Utilities & Power Generators,12335813822.0,3.0,4.495075381748663,6.431043244682138,15.959635070057837,0.54449096145004,0.00027111368596857135
AT0000758305,539.0,713.0,410.0,150.0,295971.0,43866.0,2024.45,1722.43,11934.0,1902.7,1517.0,36.0,0.0,222640.0,4950.0,16940.0,110.0,Palfinger,Austria,PwC,Industrial Machinery & Goods,708293656.35,1.0,6.143710390735421,8.12702320703962,17.2912962203073,0.4103405826836274,0.0
AT0000785555,771.0,1124.0,698.0,124.0,516003.0,78083.0,2881.6,1108.75,20230.0,2415.9,3041.0,109.0,0.0,271216.0,9782.0,27604.0,134.0,Semperit,Austria,EY,Industrial Machinery & Goods,252163807.5,1.0,4.9370541603165865,7.197469359527682,19.472868614166977,0.6979752314844461,0.0
AT0000831706,601.0,679.0,422.0,87.0,353786.0,52341.0,2419.4,308.43,14844.0,2089.7,1400.0,83.0,0.0,222640.0,8580.0,20570.0,110.0,Wienerberger,Austria,Deloitte,Construction Materials,3056880497.3,2.0,5.741197149462181,6.486310922603695,13.373836953822051,0.7928774765480217,0.0
AT0000938204,417.0,447.0,370.0,37.0,259970.0,40888.0,2178.55,949.28,9762.0,1396.4,2041.0,70.0,1.9042988620108208,190256.0,10058.0,18800.0,94.0,Mayr Melnhof Karton,Austria,PwC,Containers & Packaging,1648038400.0,2.0,5.0992956368616715,5.466151438074741,24.958423009195855,0.855996869497163,0.023286769492403894
AT0000946652,732.0,1180.0,844.0,79.0,447108.0,65478.0,5217.9,-1333.46,18622.0,3707.2,1861.0,14.0,0.7372208116093037,412896.0,13056.0,54468.0,204.0,Schoeller-Bleckmann Oilfield Equipment,Austria,KPMG,Oil & Gas – Services,486163105.41,1.0,5.589663703839458,9.01066006903082,14.210879990225726,0.10690613641223007,0.0056295306179885134
AT0000APOST4,709.0,678.0,535.0,81.0,427187.0,65686.0,2354.75,1437.53,15130.0,1987.6,3174.0,72.0,0.0014976088082482,234784.0,6032.0,19372.0,116.0,Austrian Post,Austria,BDO,Air Freight & Logistics,2013998136.7,2.0,5.39688822580154,5.1609170903997805,24.160399476296316,0.5480619919008616,1.1399756479677555e-05
AT000ADDIKO0,850.0,746.0,570.0,99.0,390058.0,65532.0,3829.09,-818.84,14729.0,2663.9,3766.0,239.0,5.683841243295636,281336.0,4587.0,23769.0,139.0,Addiko Bank,Austria,KPMG,Commercial Banks,393331173.15,1.0,6.48538118781664,5.691875724836721,28.734053592138192,1.8235365928096199,0.04336691420447748
BE0003739530,525.0,775.0,358.0,134.0,300630.0,44755.0,1801.47,83.11000000000006,11978.0,1466.9,1384.0,114.0,5.0443265956971794,165968.0,4592.0,11234.0,82.0,UCB,Belgium,Forvis Mazars,Biotechnology & Pharmaceuticals,37811871127.0,5.0,5.865266450675902,8.658250474807284,15.46195955759133,1.2736007150039101,0.05635489437713305
BE0003789063,502.0,655.0,372.0,39.0,221784.0,33556.0,1006.56,661.41,8297.0,910.8,1340.0,97.0,1.329238991290392,109296.0,2646.0,5508.0,54.0,Deceuninck,Belgium,PwC,Building Products & Furnishings,347305772.31,1.0,7.480033377041364,9.759804505900584,19.96662295863631,1.4453450947669568,0.019806278926129336
BE0003797140,3679.0,4966.0,3640.0,612.0,2210056.0,329538.0,11032.47,7398.19,79482.0,11378.5,14436.0,358.0,4.637382111109156,1242736.0,614.0,376996.0,614.0,GBL Groupe Bruxelles Lambert,Belgium,PwC,Asset Management & Custody Activities,8773068658.0,3.0,5.58205730446868,7.534791131826982,21.90339202155745,0.5431847010056503,0.007036187194055247
BE0003837540,920.0,739.0,461.0,63.0,388462.0,58551.0,2977.47,752.9100000000001,16499.0,2386.0,1890.0,121.0,30.960205569899333,281336.0,22796.0,41978.0,139.0,Atenor,Belgium,BDO,Home Builders,152846595.11,1.0,7.856398695154652,6.310737647520964,16.13977558026336,1.0332872196888183,0.2643866506968227
BE0974276082,591.0,605.0,378.0,74.0,247680.0,35238.0,1585.68,1004.64,10650.0,1572.1,1318.0,37.0,7.389686913804054,180136.0,13439.0,21271.0,89.0,Ontex,Belgium,PwC,Household & Personal Products,704268702.78,1.0,8.385833475225608,8.584482660763948,18.7014018956808,0.5250014189227539,0.10485394905789282
BE0974293251,205.0,243.0,311.0,78.0,138471.0,21207.0,682.01,445.51,4977.0,662.6,928.0,37.0,0.2358525824885263,74888.0,5365.0,6697.0,37.0,AB InBev,Belgium,PwC,Alcoholic Beverages,87578953700.0,5.0,4.8333097562125715,5.729240345169048,21.879568067147638,0.872353468194464,0.005560724819364509
BE0974362940,445.0,412.0,248.0,46.0,244756.0,39428.0,1795.52,-1098.58,9298.0,846.1,1723.0,48.0,2.036491428840264,117392.0,4988.0,8294.0,58.0,Barco,Belgium,PwC,Hardware,961232820.2,1.0,5.643197727503297,5.224713401643503,21.849954347164452,0.6087044739778837,0.025825446749014207
BE0974464977,784.0,888.0,574.0,137.0,412105.0,61291.0,2407.3,1617.17,16372.0,2130.2,3209.0,119.0,0.0,261096.0,14577.0,31089.0,129.0,Syensqo,Belgium,EY,Chemicals,7556598368.9,3.0,6.395718784160807,7.24413045961071,26.178394870372486,0.9707787440244082,0.0
BMG1738J1247,561.0,870.0,472.0,112.0,305188.0,41855.0,2881.79,-2281.52,13142.0,1848.9,1540.0,57.0,12.276950456096198,218592.0,2916.0,14472.0,108.0,BW Offshore,Bermuda,KPMG,Marine Transportation,475797548.83,1.0,6.701708278580815,10.393023533628002,18.396846254927727,0.6809222315135588,0.1466605000130952
CH0198251305,1127.0,951.0,776.0,191.0,617936.0,94180.0,2829.96,417.82,23608.0,2591.2,2717.0,38.0,2.0924038487694663,267168.0,5676.0,22968.0,132.0,Coca Cola HBC,Switzerland,PwC,Non-Alcoholic Beverages,12383259319.0,3.0,5.983223614355489,5.04884264174984,14.424506264599701,0.20174134635803778,0.011108536041460322
CH0466642201,1311.0,1269.0,1075.0,201.0,666469.0,100142.0,3424.74,2316.7,26391.0,3367.5,4667.0,146.0,0.1913756152442233,374440.0,13320.0,47360.0,185.0,Helvetia,Switzerland,KPMG,Insurance,8709940255.8,3.0,6.545705098759761,6.336002875916199,23.30191128597392,0.7289648698847636,0.000955521236065903
CH1216478797,334.0,382.0,309.0,37.0,177214.0,27488.0,1922.02,-1622.44,6457.0,945.9,1309.0,32.0,2.438169667879774,113344.0,8344.0,11424.0,56.0,dsm-firmenich,Switzerland,KPMG,Chemicals,26836042914.0,4.0,6.075378346915017,6.948486612339931,23.81038998835856,0.5820721769499418,0.04434971019862802
DE0005140008,1125.0,1429.0,1109.0,322.0,610421.0,90676.0,3073.27,2251.04,23652.0,2933.0,2952.0,20.0,5.31859892347342,321816.0,35298.0,60420.0,159.0,Deutsche Bank,Germany,EY,Investment Banking & Brokerage,33506207181.0,5.0,6.203405531783493,7.879703559927655,16.277736115399886,0.11028276500948432,0.029327489762855773
DE0005190003,919.0,1048.0,919.0,225.0,672329.0,104002.0,3347.85,408.05000000000007,25248.0,2753.7,2220.0,59.0,1.1708829797072986,313720.0,14105.0,37975.0,155.0,BMW,Germany,PwC,Automobiles,46311539194.0,5.0,4.418184265687199,5.038364646833715,10.672871675544702,0.2836483913770889,0.005629136842115049
DE0005220008,505.0,726.0,367.0,60.0,407663.0,64344.0,1726.55,2982.52,13771.0,1920.3,2759.0,55.0,0.0,234784.0,14964.0,28304.0,116.0,EnBW Energie Baden-Wuerttemberg,Germany,BDO,Electric Utilities & Power Generators,16823347437.0,4.0,3.9242198184756933,5.641551659828423,21.439450453810768,0.427390277259729,0.0
DE0005439004,627.0,1067.0,758.0,153.0,498618.0,74785.0,2411.92,930.03,16677.0,2320.9,1836.0,246.0,0.0013103153300221,253000.0,12250.0,27750.0,125.0,Continental,Germany,PwC,Auto Parts,13420734269.0,4.0,4.1920171157317645,7.133783512736511,12.275188874774354,1.6447148492344723,8.760549107589089e-06
DE0005470405,734.0,975.0,738.0,225.0,485651.0,74277.0,3335.63,421.5,18381.0,2522.4,2201.0,41.0,0.0,279312.0,12006.0,30912.0,138.0,Lanxess,Germany,KPMG,Chemicals,2107714637.8,2.0,4.940964228496035,6.563269922048548,14.816161126593697,0.27599391467075945,0.0
DE0005552004,430.0,438.0,372.0,91.0,241254.0,36266.0,1822.39,-589.0899999999999,8933.0,1024.7,1578.0,83.0,7.2449733944340435,135608.0,3752.0,8174.0,67.0,DHL,Germany,Deloitte,Air Freight & Logistics,40837357679.0,5.0,5.928417801797828,6.038713946947555,21.755914630783654,1.1443225059284179,0.09988657963980097
DE0005557508,599.0,658.0,575.0,99.0,354563.0,52385.0,1552.18,1150.98,13409.0,1463.8,1188.0,28.0,0.0,172040.0,8075.0,15215.0,85.0,Deutsche Telekom,Germany,Deloitte,Telecommunication Services,146556784749.0,5.0,5.717285482485445,6.280423785434762,11.339123794979479,0.2672520759759473,0.0
DE0005785604,1077.0,1227.0,962.0,348.0,643596.0,98776.0,2513.08,3371.4,26665.0,2618.1,1715.0,66.0,3.179035312279189,311696.0,22792.0,46354.0,154.0,Fresenius,Germany,PwC,Health Care Delivery,19555940706.0,4.0,5.451729164979348,6.211022920547502,8.68125860532923,0.3340892524499879,0.016092144408961635
DE0005785802,822.0,829.0,622.0,394.0,408680.0,61070.0,2110.98,563.98,16456.0,1852.7,1930.0,113.0,2.60919373795854,208472.0,5047.0,15553.0,103.0,Fresenius Medical,Germany,PwC,Health Care Delivery,,,6.729981987882757,6.787293270018012,15.801539217291632,0.9251678401833962,0.021362319780240214
DE0005810055,390.0,267.0,317.0,70.0,242162.0,36643.0,1758.05,-509.49,9470.0,1172.0,785.0,84.0,0.4754999452396163,131560.0,5070.0,9230.0,65.0,Deutsche Börse,Germany,PwC,Security & Commodity Exchange,42311016854.0,5.0,5.321616679856999,3.6432606500559452,10.711459214583959,1.1461943618153536,0.006488278050918542
DE0005909006,959.0,834.0,738.0,83.0,519805.0,79039.0,2802.93,5094.19,20828.0,3131.1,4958.0,10.0,4.065001326204984,400752.0,33066.0,72072.0,198.0,Bilfinger    ,Germany,PwC,Industrial Machinery & Goods,1796359722.2,2.0,6.066625336859019,5.275876466048406,31.36426321183213,0.063259909664849,0.025715161668321863
DE0006062144,595.0,835.0,613.0,120.0,382165.0,57887.0,3512.51,-2440.29,13558.0,1864.9,1638.0,79.0,0.7539041386241868,224664.0,13320.0,25530.0,111.0,Covestro,Germany,KPMG,Chemicals,10972764857.0,3.0,5.139323164095566,7.212327465579491,14.148254357627792,0.6823639159051255,0.0065118605094769706
DE0006070006,1483.0,1244.0,614.0,158.0,676657.0,98660.0,4850.83,766.02,27544.0,4237.3,2340.0,387.0,10.157878282179912,475640.0,22090.0,77080.0,235.0,Hochtief,Germany,Deloitte,Engineering & Construction Services,10100947350.0,3.0,7.5157105209811474,6.304480032434624,11.858909385769309,1.9612811676464628,0.05147921286326734
DE0006202005,533.0,621.0,518.0,50.0,403761.0,59523.0,2336.54,186.67,15413.0,1889.0,1410.0,53.0,0.0,208472.0,10609.0,21115.0,103.0,Salzgitter,Germany,EY,Iron & Steel Producers,886900179.69,1.0,4.477260890748114,5.216470944004838,11.844161080590695,0.44520605480234526,0.0
DE0006219934,426.0,507.0,509.0,71.0,302964.0,45972.0,2030.29,-435.5,11240.0,1093.4,1866.0,52.0,0.0,151800.0,2700.0,8250.0,75.0,Jungheinrich,Germany,PwC,Industrial Machinery & Goods,1275035136.0,1.0,4.633255024797703,5.51422605063952,20.294962150874444,0.5655616462194379,0.0
DE0006223407,779.0,584.0,532.0,110.0,376146.0,61957.0,2156.91,5046.7,12764.0,1999.4,12641.0,3.0,4.560152743568308,297528.0,16758.0,38220.0,147.0,ProCredit Holding,Germany,BDO,Commercial Banks,470701670.05,1.0,6.2866181383863005,4.712946075503979,102.01430024048938,0.024210339428958793,0.03680094858989547
DE0006599905,1293.0,1386.0,914.0,264.0,689361.0,104974.0,4093.33,783.76,26252.0,3287.7,1951.0,16.0,2.4542525582174304,390632.0,20072.0,57128.0,193.0,Merck,Germany,Deloitte,Biotechnology & Pharmaceuticals,62966480097.0,5.0,6.158667860613104,6.601634690494789,9.292777259130832,0.07620934707641892,0.011689811563898825
DE0006602006,940.0,1012.0,614.0,244.0,558326.0,88283.0,3753.6,1032.24,20844.0,2760.1,3864.0,82.0,1.521409410251606,348128.0,10492.0,39904.0,172.0,GEA,Germany,PwC,Industrial Machinery & Goods,8167307297.8,3.0,5.323788271807709,5.731567799010002,21.88416795985637,0.46441557264705546,0.008616661249909983
"DE0006969603,917,1138,613,220,459695,67957,3761.74,-885.6899999999999,18947,2433.3,2698,96,2.402852630349801,291456,7488.0,28080.0,144,Puma ,Germany,KPMG,""Apparel, Accessories & Footwear"",6834236114.5,3.0",,,,,,,,,,,,,,,,,,,,,,,,,,,,
DE0007030009,354.0,507.0,427.0,86.0,282762.0,43500.0,2267.71,-1995.76,10340.0,901.4,1137.0,53.0,0.1919867366291568,123464.0,5551.0,9211.0,61.0,Rheinmetall,Germany,Deloitte,Aerospace & Defence,27636312920.0,4.0,4.068965517241379,5.827586206896552,13.068965517241379,0.6091954022988506,0.0022067440991857105
DE0007037129,385.0,475.0,380.0,69.0,304333.0,47410.0,2629.27,195.83000000000004,12168.0,1878.1,2494.0,76.0,0.0057672150608818,228712.0,8362.0,21018.0,113.0,RWE,Germany,Deloitte,Electric Utilities & Power Generators,,,4.060324825986079,5.009491668424383,26.30246783379034,0.8015186669479013,6.082277009999789e-05
DE0007100000,753.0,784.0,617.0,193.0,494711.0,72924.0,4242.71,-2652.74,18589.0,2473.4,1658.0,38.0,0.0,293480.0,16240.0,37120.0,145.0,Mercedes-Benz,Germany,PwC,Automobiles,49280112100.0,5.0,5.162909330261642,5.375459382370686,11.367999561186988,0.26054522516592615,0.0
DE0007164600,658.0,665.0,389.0,272.0,397264.0,60505.0,2518.1,481.21,15175.0,2064.1,1499.0,118.0,0.6832535573512655,230736.0,13338.0,26220.0,114.0,SAP,Germany,BDO,Software & IT Services,285368500789.0,5.0,5.437567143211305,5.495413602181638,12.387405999504173,0.9751260226427567,0.005646256981664866
DE0007165631,305.0,592.0,371.0,48.0,261975.0,39132.0,1874.47,991.62,9578.0,1845.6,1553.0,64.0,0.0,202400.0,11100.0,21000.0,100.0,Sartorius,Germany,PwC,Medical Equipment & Supplies,7754190521.0,3.0,3.8970663395686396,7.564141878769294,19.843095165082286,0.8177450679750589,0.0
DE0007664039,1115.0,1420.0,902.0,240.0,807820.0,122800.0,4900.43,2471.38,29875.0,3982.1,2925.0,71.0,5.443211622194398,485760.0,55200.0,112560.0,240.0,Volkswagen,Germany,EY,Automobiles,19006823578.0,4.0,4.539902280130293,5.7817589576547235,11.909609120521173,0.2890879478827362,0.02216291377114983
DE0008232125,1070.0,1097.0,1124.0,217.0,589314.0,87973.0,3461.12,-827.9599999999999,21622.0,2532.0,1755.0,15.0,0.0256827983799295,271216.0,13400.0,31222.0,134.0,Deutsche Lufthansa,Germany,EY,Airlines,7661312065.2,3.0,6.081411342116331,6.234867516169734,9.97465131347118,0.08525343002966819,0.00014596977697662635
DE0008404005,933.0,1241.0,1164.0,310.0,660527.0,97919.0,2423.55,907.62,22032.0,2418.7,2625.0,129.0,0.3356489534379518,269192.0,7315.0,24871.0,133.0,Allianz,Germany,PwC,Insurance,118213174770.0,5.0,4.764141790663712,6.336870270325473,13.403935906208194,0.6587077073908026,0.0017139112605212053
DE0008430026,525.0,712.0,773.0,127.0,429169.0,65433.0,3447.56,-2967.7,14042.0,1882.6,2146.0,71.0,0.0935167500289676,208472.0,6283.0,16789.0,103.0,Munich Re,Germany,EY,Insurance,66261146609.0,5.0,4.011737196827289,5.4406797793162465,16.398453379793068,0.542539697094738,0.0007145992849859214
DE000A0D6554,751.0,941.0,494.0,121.0,420798.0,61325.0,3610.84,-1780.97,17016.0,2111.8,1717.0,61.0,2.9650204614273283,263120.0,11830.0,28600.0,130.0,Nordex,Germany,KPMG,Wind Technology & Project Developers,2758596407.5,2.0,6.123114553607827,7.672238075825519,13.999184671830411,0.49735018344883813,0.024174647056072793
DE000A0D9PT0,667.0,812.0,493.0,75.0,391737.0,58397.0,2643.41,-663.4699999999999,14807.0,1775.9,1749.0,15.0,0.0,208472.0,11433.0,21939.0,103.0,MTU Aero Engines,Germany,KPMG,Aerospace & Defence,17928472704.0,4.0,5.710909807010634,6.952411938969468,14.975084336524137,0.12843125503022415,0.0
DE000A0WMPJ6,440.0,330.0,299.0,53.0,227100.0,35057.0,2110.11,203.65,8751.0,1341.7,1579.0,62.0,4.005606337231409,176088.0,10005.0,17487.0,87.0,AIXTRON,Germany,KPMG,Semiconductors,1775228997.9,2.0,6.275494195167869,4.706620646375902,22.52046666856833,0.8842741820463815,0.0571299075395985
DE000A0Z2ZZ5,363.0,669.0,519.0,39.0,320893.0,49194.0,1235.13,1679.42,11557.0,1363.6,2167.0,22.0,0.0,153824.0,4560.0,10260.0,76.0,freenet,Germany,KPMG,Telecommunication Services,3389785659.8,2.0,3.6894743261373337,6.799609708501037,22.02504370451681,0.22360450461438386,0.0
DE000A12DM80,393.0,357.0,289.0,50.0,206032.0,31250.0,1460.77,-248.01000000000008,7782.0,948.9,1058.0,29.0,0.1729297213546165,111320.0,2805.0,5775.0,55.0,Scout24,Germany,PwC,Internet Media & Services,6395763911.6,3.0,6.288,5.712,16.928,0.464,0.002766875541673864
DE000A1DAHH0,341.0,430.0,243.0,127.0,219218.0,33329.0,1371.86,346.04,8136.0,964.0,2030.0,49.0,0.0,123464.0,6283.0,9943.0,61.0,Brenntag,Germany,Deloitte,Chemicals,8651192623.0,3.0,5.115665036454739,6.450838609019172,30.453959014671906,0.735095562423115,0.0
"DE000A1EWWW0,1359,1781,918,297,696859,104031,4642.62,1095.37,28720,4030.5,3051,96,16.392122276585855,441232,30520.0,77826.0,218,adidas,Germany,PwC,""Apparel, Accessories & Footwear"",43768693984.0,5.0",,,,,,,,,,,,,,,,,,,,,,,,,,,,
DE000A1J5RX9,750.0,801.0,534.0,55.0,398791.0,59052.0,2778.4,-2035.65,14430.0,1479.7,1470.0,33.0,0.0,174064.0,3698.0,11008.0,86.0,Telefónica Deutschland,Germany,PwC,Telecommunication Services,6435651997.1,3.0,6.350335297703719,6.782158097947572,12.446657183499289,0.27941475309896363,0.0
DE000A1ML7J1,935.0,762.0,485.0,42.0,432828.0,66278.0,1910.38,1897.82,16464.0,1800.1,2378.0,6.0,0.0,218592.0,5616.0,17172.0,108.0,Vonovia,Germany,PwC,Real Estate,24975284642.0,4.0,7.053622619873864,5.7485138356619085,17.939587796855665,0.04526388846977881,0.0
DE000A2NB601,421.0,374.0,316.0,68.0,216400.0,33126.0,1093.68,1242.35,8579.0,1140.7,1195.0,43.0,0.0,129536.0,5568.0,9600.0,64.0,Jenoptik,Germany,EY,Hardware,1329635000.8,1.0,6.3545251464106745,5.645112600374329,18.037191330073057,0.6490370102034656,0.0
DE000A2YN900,279.0,218.0,230.0,52.0,153261.0,22594.0,1492.92,-871.22,6089.0,869.9,1393.0,38.0,0.0,107272.0,2332.0,5088.0,53.0,TeamViewer,Germany,PwC,Software & IT Services,1542241364.2,2.0,6.174205541294149,4.824289634416217,30.82676816854032,0.840931220678056,0.0
DE000BASF111,941.0,1108.0,673.0,446.0,607610.0,92128.0,3679.76,1573.65,24120.0,3025.1,2355.0,55.0,0.9140725162023036,366344.0,26607.0,59187.0,181.0,BASF,Germany,Deloitte,Chemicals,39230447570.0,5.0,5.1070250086835705,6.013372698853769,12.781130600903092,0.29849774227162207,0.004960883315616878
DE000BAY0017,1056.0,1192.0,764.0,248.0,564761.0,84450.0,2397.83,2321.46,21383.0,2597.6,2561.0,37.0,0.0,291456.0,13968.0,34560.0,144.0,Bayer,Germany,Deloitte,Biotechnology & Pharmaceuticals,19642442483.0,4.0,6.25222024866785,7.057430432208407,15.16281823564239,0.21906453522794553,0.0
DE000CBK1001,1192.0,1090.0,1219.0,213.0,824616.0,145676.0,6494.33,1501.72,27625.0,3839.4,14099.0,220.0,0.9128279770724482,516120.0,12495.0,77265.0,255.0,Commerzbank,Germany,KPMG,Commercial Banks,19284658156.0,4.0,4.091271039841841,3.741179054888932,48.39163623383399,0.7551003597023532,0.003133076062880805
DE000DTR0CK8,599.0,676.0,455.0,170.0,377394.0,56740.0,1908.88,1042.21,13865.0,1615.3,1562.0,210.0,5.036655800960452,198352.0,6370.0,15876.0,98.0,Daimler Truck,Germany,KPMG,Industrial Machinery & Goods,30207494645.0,4.0,5.278463165315474,5.956996827634826,13.7645400070497,1.8505463517800493,0.04438364294113899
DE000DZ8L9C1,1252.0,1069.0,963.0,386.0,917229.0,163784.0,6374.73,6378.79,29744.0,5970.1,12186.0,290.0,0.0,647680.0,63360.0,165440.0,320.0,DZ BANK,Germany,PwC,Commercial Banks,,,3.8221071655350953,3.2634445367068823,37.201436037708206,0.8853123626239437,0.0
DE000ENAG999,641.0,715.0,388.0,88.0,378502.0,56756.0,677.04,1545.65,13855.0,808.9,1323.0,42.0,0.4581897037387435,109296.0,1674.0,4536.0,54.0,E.ON,Germany,KPMG,Electric Utilities & Power Generators,30418380607.0,4.0,5.646980054972161,6.298893509056311,11.655155402072028,0.370004933399112,0.0040364869241907774
DE000EVNK013,761.0,882.0,656.0,162.0,483006.0,75627.0,2160.42,3121.8,18020.0,2260.7,3348.0,124.0,2.632112801847634,269192.0,12369.0,29925.0,133.0,Evonik,Germany,KPMG,Chemicals,8070605536.0,3.0,5.031271900247266,5.831250743781983,22.134951802927528,0.8198130297380566,0.017401938473347044
DE000HAG0005,377.0,407.0,307.0,82.0,226837.0,34348.0,842.55,1362.46,8338.0,971.3,1085.0,24.0,0.5415330231428432,119416.0,3127.0,6549.0,59.0,Hensoldt,Germany,KPMG,Semiconductors,4125013200.0,2.0,5.487946896471411,5.9246535460579945,15.794223826714802,0.3493653196692675,0.007883035739240178
DE000HLAG475,862.0,1350.0,657.0,211.0,521623.0,79025.0,3666.64,1613.89,20559.0,3090.1,3272.0,39.0,0.0129551706636664,354200.0,20650.0,51100.0,175.0,Hapag Lloyd,Germany,KPMG,Marine Transportation,27910678285.0,4.0,5.453970262575134,8.5416007592534,20.702309395760835,0.24675735526732046,8.196881153854096e-05
DE000KBX1006,546.0,595.0,423.0,123.0,325285.0,49740.0,2170.73,-242.87,12738.0,1246.1,1396.0,3.0,0.0,159896.0,4187.0,10349.0,79.0,Knorr-Bremse,Germany,KPMG,Industrial Machinery & Goods,11739602784.0,3.0,5.48854041013269,5.981101728990752,14.032971451548049,0.030156815440289503,0.0
DE000KGX8881,471.0,786.0,652.0,176.0,422364.0,65550.0,2658.32,1784.15,15687.0,2340.0,2028.0,161.0,0.5107397620512154,263120.0,14430.0,31200.0,130.0,KION Group,Germany,KPMG,Industrial Machinery & Goods,4324687963.2,2.0,3.5926773455377576,5.995423340961099,15.469107551487415,1.2280701754385965,0.003895802914196914
DE000KSAG888,543.0,637.0,493.0,77.0,379229.0,58052.0,1659.61,1619.3,13125.0,1671.8,2320.0,73.0,0.2243049297480949,190256.0,6862.0,15604.0,94.0,K+S,Germany,PwC,Chemicals,1939329187.2,2.0,4.67684145249087,5.486460414800524,19.98208502721698,0.6287466409426032,0.0019319311113148118
DE000LEG1110,394.0,457.0,387.0,36.0,247439.0,37704.0,1256.0,1180.94,9066.0,1259.1,1571.0,72.0,0.4265622739431759,143704.0,8591.0,13561.0,71.0,LEG Immobilien,Germany,Deloitte,Real Estate,6306043571.6,3.0,5.224909823891364,6.060364948016126,20.833333333333332,0.9548058561425843,0.0056567244051450236
DE000PAG9113,770.0,1018.0,687.0,123.0,748060.0,114713.0,1517.17,1439.23,23506.0,1623.6,2188.0,128.0,2.5883637965034216,180136.0,7565.0,15397.0,89.0,Porsche,Germany,EY,Automobiles,55093985824.0,5.0,3.3562019997733477,4.437160565934114,9.536844124031278,0.5579140986636214,0.011281911363591841
DE000PSM7770,412.0,520.0,293.0,121.0,319913.0,48040.0,1626.8,930.42,11844.0,1537.9,1580.0,56.0,1.1129915815488003,176088.0,11745.0,19227.0,87.0,ProSiebenSat.1 Media,Germany,PwC,Media & Entertainment,1164017726.1,1.0,4.288093255620317,5.4121565362198165,16.444629475437136,0.5828476269775188,0.011584008966994176
DE000RENK730,395.0,550.0,373.0,79.0,230918.0,36754.0,1357.27,1142.16,8595.0,1296.0,1286.0,6.0,0.0,143704.0,5396.0,10366.0,71.0,RENK Group,Germany,PwC,Industrial Machinery & Goods,1897935680.0,2.0,5.373564782064538,7.482178810469609,17.494694455025304,0.08162376884148664,0.0
DE000TLX1005,1037.0,1102.0,951.0,179.0,540031.0,82716.0,2429.36,376.94,18179.0,2050.3,3021.0,32.0,0.020339063665464,212520.0,9240.0,20160.0,105.0,Talanx,Germany,PwC,Insurance,21960227219.0,4.0,6.268436578171092,6.661347260505828,18.261279558972873,0.19343295130325452,0.00012294515973610912
DE000UNSE026,713.0,1080.0,704.0,129.0,526530.0,79528.0,3180.38,1754.02,19737.0,2706.9,2498.0,42.0,0.0,321816.0,16377.0,41499.0,159.0,Uniper,Germany,PwC,Electric Utilities & Power Generators,16883256926.0,4.0,4.482697917714515,6.790061362036012,15.705160446635146,0.264057941856956,0.0
DE000WCH8881,529.0,768.0,449.0,113.0,318203.0,47654.0,2573.02,-106.00000000000006,12522.0,1790.1,1142.0,0.0,1.6733369454832574,218592.0,13176.0,24732.0,108.0,WACKER Chemie,Germany,PwC,Chemicals,3601922426.0,2.0,5.550425987325303,8.058085365341839,11.98220506148487,0.0,0.017557150978755796
DE000ZAL1111,821.0,824.0,493.0,94.0,397991.0,59446.0,2696.86,933.09,16267.0,2244.2,2540.0,139.0,0.011049045776447,265144.0,20698.0,37728.0,131.0,Zalando,Germany,KPMG,E-Commerce,8690984097.1,3.0,6.905426773878815,6.930659758436228,21.363926925276722,1.1691282844934898,9.293346715041384e-05
DK000954829,413.0,350.0,522.0,37.0,321858.0,61028.0,2977.63,-861.22,10120.0,1634.3,3710.0,45.0,7.396759476676479,200376.0,2970.0,12672.0,99.0,Nykredit,Denmark,EY,Commercial Banks,,,3.3836927312053486,2.8675362128858883,30.39588385659042,0.3686832273710428,0.06060135902107622
DK0010181759,462.0,589.0,414.0,102.0,289601.0,44209.0,1503.57,-231.8,10382.0,1072.2,1508.0,72.0,10.621406346768971,119416.0,3068.0,6490.0,59.0,Carlsberg,Denmark,PwC,Alcoholic Beverages,9424061686.2,3.0,5.22518039313262,6.6615395055305475,17.055350720441538,0.8143138275011875,0.1201271952178173
DK0010201102,441.0,620.0,294.0,42.0,271555.0,40945.0,2599.01,-758.22,10799.0,1659.2,1568.0,82.0,10.891592706969334,196328.0,3395.0,12707.0,97.0,Copenhagen Airport,Denmark,Deloitte,Professional & Commercial Services,6668031055.6,3.0,5.385272927097326,7.571132006349981,19.147637074123825,1.0013432653559653,0.1330027195868767
DK0010219153,368.0,576.0,351.0,59.0,231713.0,34297.0,1824.25,52.57000000000003,9122.0,1332.2,1307.0,59.0,7.9973092698099455,161920.0,3440.0,9760.0,80.0,Rockwool,Denmark,PwC,Building Products & Furnishings,3994072502.7,2.0,5.364900720179608,8.397235909846342,19.05414467737703,0.860133539376622,0.11658904962256096
DK0010234467,396.0,550.0,263.0,74.0,203565.0,30660.0,1883.29,-610.6999999999999,8035.0,1073.8,1319.0,95.0,9.50910250332645,141680.0,4620.0,9450.0,70.0,FLSmidth,Denmark,EY,Engineering & Construction Services,2809078626.0,2.0,6.457925636007828,8.969341161121983,21.510110893672536,1.5492498369210699,0.15507342634257093
DK0010244425,597.0,705.0,407.0,192.0,329308.0,50391.0,1510.32,1457.51,12590.0,1521.4,1758.0,148.0,8.935163589500315,167992.0,4399.0,11205.0,83.0,Mærsk,Denmark,PwC,Marine Transportation,15630691653.0,4.0,5.923676847056022,6.99529677918676,17.44359111746145,1.46851620329027,0.08865832777182746
DK0010255975,446.0,869.0,422.0,31.0,310261.0,48144.0,1288.38,991.93,11013.0,1122.6,1687.0,79.0,4.227981878723623,131560.0,2340.0,6500.0,65.0,MT Højgaard Holding,Denmark,EY,Engineering & Construction Services,310250183.54,1.0,4.631937520771021,9.02500830840811,17.520355599867067,0.8204553007643736,0.043909748657398884
DK0010272202,504.0,386.0,303.0,158.0,213364.0,31723.0,1505.28,-685.54,8277.0,1110.7,1062.0,32.0,3.510165732455175,115368.0,4617.0,7809.0,57.0,Genmab,Denmark,Deloitte,Biotechnology & Pharmaceuticals,13165764953.0,4.0,7.943763200201746,6.083913879519591,16.738643886139396,0.5043659174731268,0.05532524875414013
DK0010272632,341.0,608.0,288.0,69.0,247757.0,39341.0,1710.94,-45.29000000000005,8989.0,1117.5,1372.0,30.0,9.513634764580924,131560.0,2600.0,6760.0,65.0,GN Store Nord,Denmark,PwC,Medical Equipment & Supplies,2703808194.9,2.0,4.33390101929285,7.727307389237691,17.43727917439821,0.38128161460054394,0.12091246745864269
DK0010274414,548.0,781.0,875.0,107.0,407196.0,63390.0,2178.06,-122.54999999999998,12141.0,1319.4,8302.0,228.0,2.390715092531398,170016.0,3276.0,10248.0,84.0,Danske Bank,Denmark,Deloitte,Commercial Banks,23580082283.0,4.0,4.3224483356996375,6.1602776463164535,65.48351474996056,1.7983909133932796,0.018857194293511577
DK0010274844,253.0,336.0,225.0,11.0,159020.0,24447.0,1685.38,-1232.26,5417.0,773.2,1234.0,102.0,9.151209022693909,111320.0,2145.0,5115.0,55.0,Solar,Denmark,Deloitte,Solar Technology & Project Developers,266241858.14,1.0,5.174459033828282,6.872008835439932,25.238270544443083,2.086145539329979,0.18716425374675644
DK0010287663,256.0,390.0,210.0,40.0,177611.0,26659.0,1126.8,656.16,6804.0,1001.2,935.0,59.0,6.168493256464571,121440.0,3240.0,6780.0,60.0,NKT,Denmark,PwC,Electrical & Electronic Equipment,3833499495.9,2.0,4.801380396864099,7.31460294834765,17.536291683859112,1.1065681383397727,0.11569251015538039
DK0015998017,330.0,503.0,384.0,65.0,225996.0,33831.0,2186.69,-1442.77,9408.0,1179.1,878.0,53.0,7.937283425555536,145728.0,2880.0,7992.0,72.0,Bavarian Nordic,Denmark,KPMG,Biotechnology & Pharmaceuticals,2068627799.2,2.0,4.877183648133369,7.434010227306316,12.976264372912416,0.7833052525789955,0.11730784525369535
DK0030521927,610.0,526.0,321.0,81.0,300871.0,44154.0,2052.86,-636.28,10909.0,1720.5,1964.0,181.0,6.68130404725979,188232.0,4464.0,13020.0,93.0,European Energy,Denmark,KPMG,Wind Technology & Project Developers,,,6.907641436789418,5.95642523893645,22.24034062599085,2.0496444263260405,0.07565910276826322
DK0060036564,315.0,369.0,215.0,29.0,234653.0,37116.0,1337.33,466.63,7861.0,886.0,1200.0,49.0,3.1052195404442453,121440.0,3120.0,6660.0,60.0,Spar Nord Bank,Denmark,Deloitte,Commercial Banks,3271396683.0,2.0,4.243452958292919,4.97090203685742,16.16553507921112,0.6600926824011208,0.04183127950808607
DK0060079531,254.0,357.0,174.0,127.0,180154.0,27483.0,712.5,762.67,6750.0,759.1,1098.0,46.0,2.072396199564108,87032.0,1806.0,3612.0,43.0,DSV,Denmark,PwC,Air Freight & Logistics,49871925288.0,5.0,4.621038460138995,6.494924134919769,19.97598515445912,0.8368809809700541,0.03770323835760484
DK0060094928,803.0,986.0,566.0,153.0,398300.0,63001.0,2503.04,-332.3299999999999,14212.0,1618.6,2649.0,139.0,3.439371184242897,204424.0,5656.0,15756.0,101.0,Ørsted,Denmark,PwC,Electric Utilities & Power Generators,18914013440.0,4.0,6.372914715639435,7.825272614720402,21.02347581784416,1.1031570927445598,0.027296163427905088
"DK0060252690,246,258,140,57,149431,22534,1696.08,-1255.64,5711,836.2,971,44,6.778765083861636,111320,2585.0,5555.0,55,Pandora,Denmark,EY,""Apparel, Accessories & Footwear"",14410929049.0,4.0",,,,,,,,,,,,,,,,,,,,,,,,,,,,
DK0060336014,382.0,357.0,224.0,52.0,171430.0,26093.0,1740.68,-269.06000000000006,6913.0,1033.5,950.0,25.0,4.58727263052516,141680.0,3500.0,8330.0,70.0,Novonesis,Denmark,EY,Biotechnology & Pharmaceuticals,23341806578.0,4.0,7.319970873414325,6.840915187981451,18.20411604644924,0.47905568543287474,0.08790236137134787
DK0060542181,391.0,563.0,260.0,130.0,223617.0,34759.0,1496.62,-566.9799999999999,8323.0,812.1,1136.0,44.0,5.049822918163149,105248.0,2652.0,5304.0,52.0,ISS,Denmark,PwC,Professional & Commercial Services,3216369421.1,2.0,5.62444259040824,8.098621939641532,16.341091515866395,0.6329296009666561,0.07264050919421083
DK0060580512,354.0,489.0,296.0,57.0,195669.0,29995.0,1828.87,134.18999999999997,7752.0,1232.8,1096.0,59.0,5.058416544401752,151800.0,2625.0,8175.0,75.0,NNIT,Denmark,EY,Software & IT Services,319677868.88,1.0,5.900983497249541,8.15135855975996,18.2697116186031,0.9834972495415902,0.08432099590601354
DK0060634707,318.0,432.0,272.0,48.0,211817.0,32289.0,1546.94,268.3,8850.0,1091.8,1094.0,41.0,8.79696219257116,141680.0,4970.0,9800.0,70.0,Royal Unibrew,Denmark,Deloitte,Alcoholic Beverages,3512861898.9,2.0,4.924277617764564,6.689584688283936,16.940753817089412,0.6348911393973179,0.13622227682138127
DK0060636678,387.0,725.0,365.0,47.0,242826.0,36918.0,1610.35,762.1899999999999,9366.0,1326.7,1261.0,56.0,19.890863543754826,159896.0,4187.0,10349.0,79.0,Tryg,Denmark,PwC,Insurance,12896545380.0,4.0,5.241345685031692,9.81905845387074,17.078389945284144,0.7584376185058779,0.2693924852884071
DK0060655629,387.0,533.0,344.0,44.0,238158.0,36553.0,1714.6,133.25000000000006,8923.0,1221.4,1438.0,76.0,3.9259078225427606,149776.0,4588.0,9990.0,74.0,DFDS,Denmark,PwC,Marine Transportation,1000748128.4,1.0,5.293683145022297,7.290783246245179,19.67006812026373,1.0395863540612262,0.05370158157391679
DK0060738599,375.0,348.0,240.0,81.0,180982.0,28335.0,1964.43,-792.56,6909.0,884.6,1316.0,78.0,8.131908257900061,133584.0,3432.0,7722.0,66.0,Demant,Denmark,PwC,Medical Equipment & Supplies,7813127923.0,3.0,6.617257808364213,6.14081524616199,23.222163402152812,1.3763896241397564,0.14349582244397496
DK0060854669,462.0,417.0,333.0,43.0,313083.0,55359.0,2466.23,872.6400000000001,8896.0,1756.4,11024.0,140.0,0.9851127373429778,200376.0,5247.0,14949.0,99.0,Ringkjøbing Landbobank,Denmark,PwC,Commercial Banks,4258268801.5,2.0,4.172763236330136,3.7663252587655123,99.5682725482758,1.264473707978829,0.008897493969751782
DK0060907293,391.0,613.0,306.0,84.0,236057.0,35528.0,1658.22,-48.190000000000026,8638.0,1243.2,1547.0,133.0,4.386484898762387,143704.0,4331.0,9301.0,71.0,Nilfisk,Denmark,Deloitte,Industrial Machinery & Goods,393165577.58,1.0,5.502702094122945,8.626998423778428,21.771560459356003,1.871763116415222,0.06173278679861499
DK0060952919,273.0,594.0,192.0,61.0,239276.0,35853.0,2754.8,-1642.89,9697.0,1486.6,1266.0,98.0,11.728177755458791,188232.0,5766.0,14322.0,93.0,Netcompany,Denmark,EY,Internet Media & Services,2223855537.4,2.0,3.8072127855409588,8.28382562128692,17.655426324156974,1.3666917691685494,0.16355922454827757
DK0061539921,808.0,931.0,600.0,147.0,398136.0,60610.0,1497.55,917.44,14485.0,1344.0,1613.0,33.0,7.928247664566199,165968.0,4182.0,10824.0,82.0,Vestas,Denmark,Deloitte,Wind Technology & Project Developers,13694912766.0,4.0,6.66556673816202,7.6802507836990594,13.306385084969477,0.27223230490018147,0.06540379198619205
DK0061802139,297.0,529.0,282.0,52.0,194846.0,29754.0,1927.4,-556.9,7474.0,1203.8,1459.0,55.0,4.389749255977294,141680.0,2520.0,7350.0,70.0,ALK,Denmark,PwC,Biotechnology & Pharmaceuticals,4442832543.7,2.0,4.99092558983666,8.889561067419507,24.517711904281775,0.9242454795993815,0.07376738011657749
DK0061804697,391.0,678.0,296.0,118.0,283121.0,42681.0,1851.44,298.94,11146.0,1453.2,1557.0,66.0,3.348239958893551,174064.0,5074.0,12384.0,86.0,Lundbeck,Denmark,PwC,Biotechnology & Pharmaceuticals,4596244495.1,2.0,4.580492490803871,7.942644267941239,18.239966261334086,0.7731777605960498,0.039224010202356455
DK0062498333,457.0,722.0,282.0,162.0,281764.0,42786.0,953.57,742.6,10034.0,989.8,2136.0,104.0,3.182586146934603,109296.0,2484.0,5346.0,54.0,Novo Nordisk,Denmark,Deloitte,Biotechnology & Pharmaceuticals,291689771076.0,5.0,5.340531949703173,8.437339316598887,24.961435983732997,1.2153508156873742,0.037191910285310645
EE0000001105,437.0,449.0,367.0,37.0,224829.0,34912.0,1136.5,824.99,9017.0,1077.8,1431.0,121.0,0.3466105181657903,117392.0,1972.0,5278.0,58.0,TKM Grupp,Estonia,PwC,Food Retailers & Distributors,399282358.44,1.0,6.258593033913841,6.430453712190651,20.494385884509626,1.732928505957837,0.004964059895820783
ES0105046009,1918.0,1488.0,1201.0,208.0,1013836.0,155098.0,7423.61,1788.4,39602.0,5340.6,8694.0,760.0,8.995777946884546,613272.0,2121.0,93627.0,303.0,Aena,Spain,KPMG,Air Freight & Logistics,30652272000.0,5.0,6.183187404092895,4.79696707887916,28.027440714902834,2.4500638306103237,0.029000302862978715
ES0105066007,2080.0,1669.0,1224.0,332.0,853990.0,128016.0,6252.39,2491.35,35648.0,5191.7,7865.0,528.0,25.73289074815221,617320.0,27755.0,120475.0,305.0,Cellnex,Spain,Deloitte,Telecommunication Services,22283879674.0,4.0,8.123984501937258,6.518716410448694,30.71881639795026,2.0622422197225347,0.10050654116732367
ES0109067019,1092.0,1108.0,759.0,232.0,642441.0,93252.0,4273.72,1648.2,24630.0,3460.4,3281.0,329.0,11.744592457755685,425040.0,210.0,44100.0,210.0,Amadeus IT,Spain,EY,Software & IT Services,30817981666.0,5.0,5.855102303435851,5.940891348174838,17.59211598678849,1.7640372324454168,0.06297233548747311
ES0113211835,1783.0,1567.0,1542.0,516.0,1249490.0,200531.0,6744.75,1699.1,40945.0,6039.1,11676.0,302.0,9.265227811471645,688160.0,93500.0,208760.0,340.0,BBVA,Spain,EY,Commercial Banks,56326845972.0,5.0,4.445696675327007,3.907126578932933,29.112705766190764,0.7530007829213438,0.023101734423783965
ES0113900J37,1143.0,1182.0,1325.0,351.0,757963.0,116959.0,4240.84,2243.36,26338.0,3361.0,13175.0,453.0,6.491850745049326,433136.0,3852.0,49434.0,214.0,Banco Santander,Spain,PwC,Commercial Banks,69957922105.0,5.0,4.886327687480228,5.053052779179028,56.32315597773579,1.9365760651168358,0.027752677199058325
ES0125220311,42.0,50.0,74.0,153.0,1024304.0,159216.0,9676.65,6003.26,52101.0,7392.9,7339.0,317.0,8.795838364375065,888536.0,7463.0,199745.0,439.0,Acciona,Spain,KPMG,Engineering & Construction Services,6124368666.9,3.0,0.13189629182996684,0.1570193950356748,23.047306803336348,0.9955029645261783,0.027622344376115042
ES0127797019,1787.0,1950.0,1501.0,333.0,810916.0,118639.0,4670.87,-634.0500000000001,31744.0,4227.1,2825.0,509.0,2.598868854909078,423016.0,31559.0,75031.0,209.0,EDP Renováveis,Portugal,PwC,Electric Utilities & Power Generators,10807646328.0,3.0,7.531250263404108,8.218208177749307,11.905865693406048,2.145163057679178,0.01095284373144193
ES0130670112,1468.0,1531.0,1256.0,229.0,844643.0,126379.0,4721.61,3201.91,32553.0,4976.9,5399.0,143.0,8.236891357597669,536360.0,42665.0,112625.0,265.0,Endesa,Spain,KPMG,Electric Utilities & Power Generators,22759999681.0,4.0,5.807926949888826,6.0571772208990415,21.36035259022464,0.5657585516581077,0.03258805401845903
ES0130960018,1647.0,1608.0,1096.0,265.0,820944.0,121878.0,4594.72,253.7,30880.0,3843.9,5438.0,369.0,9.142783315289202,441232.0,4578.0,51884.0,218.0,Enagas,Spain,EY,Oil & Gas – Midstream,3184314951.0,2.0,6.756756756756757,6.59676069512135,22.309194440341983,1.5138088908580711,0.03750793135467107
ES0140609019,1578.0,1443.0,1545.0,334.0,864173.0,130655.0,7152.18,6401.64,34846.0,6799.4,5219.0,178.0,47.46401306309382,785312.0,66348.0,216504.0,388.0,Caixabank,Spain,PwC,Commercial Banks,,,6.0388044850943325,5.522176724962688,19.972446519459645,0.6811832689143164,0.1816387167084835
ES0144580Y14,1399.0,1403.0,1234.0,247.0,835299.0,122739.0,9015.58,1747.55,34382.0,7093.3,5612.0,249.0,31.89081292125889,835912.0,413.0,170569.0,413.0,Iberdrola,Spain,KPMG,Electric Utilities & Power Generators,85044235769.0,5.0,5.6990850503914805,5.715379789634916,22.861519158539664,1.0143475179038448,0.12991312020327234
"ES0148396007,1520,1574,1199,329,907992,136038,5858.47,4937.72,34964,4801.7,4398,168,16.754296746739172,599104,25456.0,112776.0,296,Inditex,Spain,EY,""Apparel, Accessories & Footwear"",133787737491.0,5.0",,,,,,,,,,,,,,,,,,,,,,,,,,,,
ES0161560018,2417.0,1535.0,1341.0,268.0,1059966.0,174837.0,7791.07,-1725.14,37098.0,5193.1,6203.0,426.0,30.643246905192903,603152.0,8046.0,96552.0,298.0,Minor Hotels Europe & Americas,Spain,PwC,Hotels & Lodging,2841190448.3,2.0,6.91215246200747,4.389803073720094,17.739380108329474,1.2182775957034266,0.0876337586014199
ES0171996087,1259.0,1203.0,814.0,274.0,666825.0,98656.0,5337.4,1706.2,26163.0,3897.7,9775.0,340.0,21.335824467339148,475640.0,44415.0,99405.0,235.0,Grifols,Spain,Deloitte,Biotechnology & Pharmaceuticals,6443480746.8,3.0,6.380757379176127,6.096942912747323,49.54082873824197,1.7231592604605903,0.10813242208957968
ES0173516115,1324.0,1380.0,1240.0,287.0,915958.0,138826.0,4042.46,1774.78,32756.0,3903.1,6166.0,322.0,4.362557191847051,412896.0,16932.0,58344.0,204.0,Repsol ,Spain,PwC,Oil & Gas – Exploration & Production,14003939125.0,4.0,4.768559203607394,4.97025052943973,22.207655626467666,1.1597251235359372,0.015712320429339788
ES0175438003,899.0,1127.0,722.0,180.0,542944.0,91317.0,6446.81,-1304.31,19234.0,3449.8,12180.0,123.0,16.71393445851558,423016.0,46189.0,89661.0,209.0,Prosegur,Spain,EY,Professional & Commercial Services,,,4.92241313227548,6.1708115684921765,66.69075856631297,0.6734781037484806,0.09151600719754034
ES0177542018,489.0,560.0,336.0,165.0,313423.0,47573.0,1930.64,-746.91,11491.0,1267.5,2496.0,186.0,0.0905135866150662,139656.0,18216.0,22908.0,69.0,IAG,Spain,KPMG,Airlines,18338363990.0,4.0,5.139469867361739,5.885691463645345,26.23336766653354,1.9548903789964895,0.0009513125787218191
FI0009000202,293.0,483.0,285.0,35.0,254914.0,37748.0,1589.29,166.85000000000002,8390.0,1285.0,1447.0,38.0,0.3088375611176043,143704.0,5183.0,10153.0,71.0,Kesko,Finland,Deloitte,Food Retailers & Distributors,5100360367.1,3.0,3.8810003178976373,6.397689943838085,19.166578361767513,0.5033379251880895,0.004090780453502229
FI0009000277,657.0,663.0,435.0,74.0,297401.0,42732.0,2502.56,-2251.65,11730.0,1300.5,1274.0,65.0,5.290583101174051,159896.0,5767.0,11929.0,79.0,Tietoevry,Finland,Deloitte,Software & IT Services,2089536070.8,2.0,7.687447346251053,7.757652344846953,14.906861368529439,0.7605541514555837,0.06190422986490278
FI0009000400,531.0,605.0,484.0,107.0,314954.0,46344.0,2703.4,-915.96,11735.0,1695.9,1653.0,76.0,6.188929814795705,206448.0,2652.0,12954.0,102.0,Fiskars,Finland,EY,Appliance Manufacturing,1250541854.5,1.0,5.728896944588296,6.527274296564819,17.83402382185396,0.8199551182461592,0.06677164050142094
FI0009000459,502.0,743.0,528.0,147.0,331062.0,47646.0,2566.27,-2784.88,11861.0,1375.3,1671.0,36.0,1.1591109261553445,147752.0,2409.0,7665.0,73.0,Huhtamaki,Finland,KPMG,Containers & Packaging,3706762095.6,2.0,5.268018301641271,7.797086848843555,17.53557486462662,0.37778617302606726,0.01216378002513689
FI0009000665,791.0,1004.0,581.0,45.0,485528.0,76584.0,870.78,676.09,13066.0,901.0,4389.0,122.0,0.0,93104.0,644.0,2714.0,46.0,Metsä,Finland,KPMG,Pulp & Paper Products,1415076335.8,1.0,5.164264076047216,6.554893972631358,28.654810404261987,0.7965110205787109,0.0
FI0009000681,1009.0,890.0,567.0,104.0,429899.0,63562.0,3908.55,-4000.25,14985.0,1830.7,2685.0,114.0,5.088346646452786,212520.0,9030.0,19950.0,105.0,Nokia,Finland,Deloitte,Hardware,23775983834.0,4.0,7.937132248827917,7.00103835625059,21.121110097227906,0.896762216418615,0.04002664049630901
FI0009003727,382.0,355.0,311.0,101.0,223287.0,33938.0,740.25,934.8,7627.0,828.5,1208.0,64.0,0.3105972031942067,93104.0,4048.0,6118.0,46.0,Wärtsilä,Finland,PwC,Appliance Manufacturing,10433959625.0,3.0,5.627909717720549,5.230125523012552,17.797159526194825,0.9428958689374741,0.004575950309302355
FI0009004824,655.0,641.0,511.0,102.0,315952.0,46279.0,2121.77,-1228.79,11273.0,1322.9,1646.0,60.0,0.0,155848.0,6391.0,12243.0,77.0,Kemira,Finland,EY,Chemicals,3111554718.5,2.0,7.076643834136433,6.925387324704509,17.783443894639035,0.6482421832796732,0.0
FI0009005318,640.0,532.0,410.0,65.0,327681.0,48854.0,2655.79,-814.27,12641.0,1668.9,1533.0,72.0,7.167912900912503,206448.0,3774.0,14076.0,102.0,Nokian Tyres,Finland,EY,Auto Parts,1048439592.9,1.0,6.550128955663815,5.444794694395546,15.689605764113482,0.7368895075121792,0.07336055288116125
FI0009005870,794.0,731.0,631.0,122.0,403996.0,58173.0,2042.45,-327.7700000000001,13809.0,1689.9,1290.0,19.0,0.0,172040.0,4080.0,11220.0,85.0,Konecranes,Finland,EY,Industrial Machinery & Goods,5018233472.0,2.0,6.824471834012343,6.282983514688945,11.087617967098138,0.16330600106578652,0.0
FI0009005961,656.0,885.0,525.0,57.0,343090.0,51506.0,1418.92,-109.75999999999998,11829.0,1029.1,1740.0,49.0,58.01169118221102,119416.0,4071.0,7493.0,59.0,Stora Enso,Finland,PwC,Pulp & Paper Products,6166381548.0,3.0,6.368190113773153,8.591232089465304,16.891235972508056,0.4756727371568361,0.5631546924844777
FI0009005987,737.0,816.0,564.0,123.0,459305.0,71934.0,1371.7,226.92,14255.0,1069.3,2269.0,212.0,0.7712321304451876,123464.0,3843.0,7503.0,61.0,UPM,Finland,EY,Pulp & Paper Products,14663697712.0,4.0,5.122751411015654,5.671865877053967,15.771401562543444,1.473572997469903,0.005360692651911388
"FI0009006308,632,653,556,46,423199,65608,2024.84,256.18,12865,1721.4,3976,24,0.0,178112,1584.0,9240.0,88,HKFoods,Finland,EY,""Meat, Poultry & Dairy"",68069977.612,1.0",,,,,,,,,,,,,,,,,,,,,,,,,,,,
"FI0009006548,270,318,239,24,229524,34070,1659.76,-1266.9,8341,974.9,684,83,6.439225419029957,105248,4264.0,6916.0,52,Atria,Finland,Deloitte,""Meat, Poultry & Dairy"",315053230.53,1.0",,,,,,,,,,,,,,,,,,,,,,,,,,,,
FI0009007132,404.0,715.0,503.0,77.0,354655.0,52341.0,1121.31,1250.01,11712.0,1315.4,3174.0,100.0,0.0,149776.0,2516.0,7918.0,74.0,Fortum,Finland,Deloitte,Electric Utilities & Power Generators,12553383074.0,3.0,3.859307235245792,6.830209587130548,30.32039892245085,0.9552740681301465,0.0
FI0009007355,539.0,521.0,558.0,109.0,260555.0,37562.0,841.72,-849.6899999999999,8270.0,494.6,907.0,41.0,0.0,52624.0,130.0,780.0,26.0,Rapala VMC,Finland,Deloitte,Toys & Sporting Goods,77068309.49,1.0,7.17480432351845,6.935200468558651,12.073372024918802,0.5457643362973218,0.0
FI0009007884,448.0,663.0,336.0,58.0,289280.0,42450.0,1654.54,-510.73,10776.0,1098.9,1310.0,19.0,0.7999517094372743,133584.0,2442.0,6732.0,66.0,Elisa,Finland,EY,Telecommunication Services,6941135750.7,3.0,5.276796230859834,7.809187279151943,15.429917550058892,0.2237926972909305,0.009422281618813595
FI0009008650,535.0,537.0,430.0,87.0,275391.0,41018.0,1723.5,97.61,9882.0,1403.4,1393.0,26.0,7.351561816097797,159896.0,2449.0,8611.0,79.0,Etteplan,Finnland,KPMG,Industrial Machinery & Goods,261386674.94,1.0,6.521527134428787,6.545906675118241,16.9803500902043,0.31693402896289435,0.08961385021329413
FI0009013296,456.0,563.0,399.0,75.0,248621.0,37077.0,1359.25,-491.9,8777.0,892.1,1010.0,54.0,0.5041190564977753,101200.0,5000.0,7450.0,50.0,Neste,Finland,KPMG,Oil & Gas – Refining & Marketing,9642490250.0,3.0,6.1493648353426655,7.5923078997761415,13.620303692315991,0.7282142568168946,0.006798271927310399
FI0009013403,357.0,335.0,284.0,72.0,170356.0,26059.0,1658.65,-594.8299999999999,5655.0,723.8,1466.0,56.0,6.638977669429812,109296.0,54.0,2916.0,54.0,Kone,Finland,EY,Industrial Machinery & Goods,25179947667.0,4.0,6.849840745999463,6.427721708430868,28.128477685252694,1.0744848229018764,0.12738358473905007
FI0009014377,553.0,908.0,650.0,72.0,313818.0,45705.0,2434.62,-1905.06,11580.0,1414.4,843.0,69.0,0.0,165968.0,2050.0,8692.0,82.0,Orion,Finland,KPMG,Medical Equipment & Supplies,6222225786.8,3.0,6.049666338475003,9.933267695000547,9.222185756481785,0.7548408270429932,0.0
FI4000297767,932.0,827.0,1009.0,228.0,618781.0,102910.0,2333.27,1292.98,18487.0,2057.3,12693.0,162.0,1.9952378601567304,224664.0,9213.0,21423.0,111.0,Nordea,Finland,PwC,Commercial Banks,37958008850.0,5.0,4.528228549217763,4.018074045282286,61.67039160431445,0.787095520357594,0.009694091245538482
FI4000480215,548.0,572.0,449.0,21.0,316938.0,48142.0,16258.81,-37835.1,10524.0,344.8,1117.0,42.0,3.812404207196628,133584.0,1914.0,6204.0,66.0,Sitowise,Finland,KPMG,Engineering & Construction Services,113177668.84,1.0,5.691495991026546,5.9407585891736945,11.601096755431847,0.436209546757509,0.03959540741137289
FI4000513593,813.0,670.0,515.0,74.0,359267.0,51574.0,2500.3,-1239.81,13234.0,1730.9,1384.0,146.0,15.82179423628526,214544.0,7632.0,18762.0,106.0,Kempower,Finnland,EY,Electrical & Electronic Equipment,553883115.36,1.0,7.881878465893668,6.495520998952961,13.417613526195371,1.415441889324078,0.15338924881030425
FI4000519228,524.0,519.0,370.0,27.0,248070.0,35975.0,1987.07,-1193.64,9148.0,1262.8,778.0,47.0,0.0290258895857399,153824.0,1900.0,7600.0,76.0,WithSecure ,Finland,PwC,Software & IT Services,137934970.06,1.0,7.282835302293259,7.213342599027102,10.813064628214038,0.6532314107018763,0.00040341750640361223
FI4000552500,413.0,687.0,527.0,68.0,289400.0,43098.0,1271.62,1425.47,9297.0,1341.6,1517.0,56.0,1.0003025043604945,159896.0,4345.0,10507.0,79.0,Sampo,Finland,Deloitte,Insurance,21934150170.0,4.0,4.791405633672096,7.970207434219685,17.599424567265302,0.6496821198199453,0.011604975919537967
FI4000567029,686.0,813.0,1014.0,75.0,423709.0,59266.0,3893.34,-4447.96,16744.0,2123.8,1575.0,74.0,3.965129206348846,220616.0,4687.0,16459.0,109.0,FinnAir,Finland,KPMG,Airlines,468297172.81,1.0,5.787466675665643,6.858907299294706,13.28755104106908,0.6243039854216583,0.033451972516694614
FI4000571054,391.0,433.0,270.0,59.0,227745.0,33534.0,1229.71,-96.14,7996.0,858.8,962.0,41.0,0.0163486824160624,103224.0,2703.0,5253.0,51.0,Kalmar Global,Finland,EY,Industrial Machinery & Goods,2109942252.4,2.0,5.829903978052126,6.456134072881255,14.343651219657662,0.6113198544760542,0.00024376278427957297
FR0000035081,777.0,772.0,579.0,72.0,469223.0,73001.0,2681.39,1454.1,16321.0,2304.9,4338.0,93.0,0.0465188003902226,257048.0,12573.0,28575.0,127.0,Icade,France,Forvis Mazars,Real Estate,1802685904.0,2.0,5.321844906234161,5.287598800016438,29.71192175449651,0.6369775756496486,0.0003186175558569239
FR0000045072,886.0,890.0,942.0,397.0,670025.0,105120.0,3440.93,2127.3,22167.0,2921.1,11692.0,172.0,0.3085818457514935,333960.0,7260.0,34320.0,165.0,Crédit Agricole,France,PwC & Forvis Mazars,Commercial Banks,41614393909.0,5.0,4.214231354642314,4.233257229832572,55.61263318112633,0.8181126331811263,0.0014677599208118982
FR0000050809,787.0,594.0,485.0,230.0,502885.0,76502.0,2814.78,2175.63,19168.0,2517.2,4984.0,143.0,6.424838788725025,291456.0,17136.0,37728.0,144.0,Sopra Steria,France,ACA Nexia & Saint Front,Software & IT Services,3470894759.0,2.0,5.143656374996732,3.8822514444066822,32.574311782698494,0.9346160884682754,0.04199131257173032
FR0000051732,1369.0,1390.0,772.0,269.0,618452.0,92105.0,2983.73,1617.15,23395.0,2802.6,4792.0,145.0,150.95877181350667,305624.0,21895.0,44545.0,151.0,Atos,France,Forvis Mazars,Software & IT Services,481850910.82,1.0,7.431735519244341,7.545735844959557,26.0137886108246,0.7871451061288747,0.8194928169670846
FR0000051807,953.0,874.0,619.0,297.0,445588.0,69026.0,1946.08,2060.6,17440.0,1940.0,3115.0,40.0,0.1087613666692281,226688.0,10416.0,22848.0,112.0,Teleperformance,France,PwC,Software & IT Services,5089813643.8,3.0,6.903195897198158,6.330947758815519,22.563961405847074,0.28974589285196883,0.0007878289823343965
"FR0000052292,916,1162,1006,252,657940,99824,3659.01,1739.4,24863,3054.6,4529,102,174.97154562254778,354200,8575.0,39025.0,175,Hermes,France,PwC,""Apparel, Accessories & Footwear"",251834832620.0,5.0",,,,,,,,,,,,,,,,,,,,,,,,,,,,
FR0000054900,581.0,647.0,406.0,87.0,433714.0,66711.0,1839.78,2034.92,16178.0,1909.2,2517.0,55.0,1.722530750466554,210496.0,12168.0,22880.0,104.0,TF1,France,EY,Media & Entertainment,1597958041.5,2.0,4.354604188214838,4.84927523197074,18.86495480505464,0.41222586979658526,0.012910395215680727
FR0000064578,1356.0,1411.0,1147.0,185.0,865748.0,134542.0,4570.57,3845.09,33395.0,4014.8,8589.0,151.0,0.4085883048664415,467544.0,24255.0,77385.0,231.0,Covivio,France,EY,Real Estate,5592294875.3,3.0,5.0393185770986015,5.243715717025167,31.919400633259503,0.5611630568892985,0.0015184414713117148
FR0000073272,808.0,1397.0,677.0,298.0,532889.0,80253.0,2398.43,1706.7,20271.0,2307.4,3562.0,60.0,0.028291818362624,250976.0,40300.0,55552.0,124.0,SAFRAN,France,Forvis Mazars & EY,Aerospace & Defence,91509612656.0,5.0,5.034079722876403,8.703724471359326,22.192316798125926,0.37381780120369335,0.00017626642220617297
FR0000120073,613.0,958.0,679.0,160.0,479491.0,74255.0,1687.73,2072.0,16374.0,1828.8,4762.0,234.0,5.830415801481276,210496.0,29016.0,39728.0,104.0,Air Liquide,France,PwC & KPMG,Chemicals,93636796644.0,5.0,4.127668170493569,6.450744057639216,32.065180795906,1.5756514712813954,0.03925941553754816
FR0000120222,902.0,1269.0,1045.0,208.0,640876.0,96182.0,4292.81,-1809.77,23213.0,3405.5,3176.0,106.0,0.0,327888.0,6642.0,32724.0,162.0,CNP assurances,France,KPMG & Forvis Mazars,Insurance,,,4.689027052878917,6.596868436921669,16.510365764904037,0.5510386558815579,0.0
FR0000120271,844.0,1325.0,947.0,349.0,719809.0,111944.0,2607.97,2395.25,24582.0,2807.3,5978.0,108.0,0.6687707517919358,295504.0,40150.0,61320.0,146.0,TotalEnergies,France,EY,Oil & Gas – Exploration & Production,124207185372.0,5.0,3.7697420138640747,5.918137640248696,26.700850425212607,0.4823840491674409,0.0029870772519828477
FR0000120321,683.0,684.0,432.0,143.0,352254.0,52673.0,1933.45,975.41,13965.0,1882.4,2549.0,80.0,1.2066730201475035,198352.0,18326.0,27832.0,98.0,L’Oréal,France,Deloitte & EY,Household & Personal Products,189084005045.0,5.0,6.483397566115467,6.492890095494845,24.196457388035615,0.7594023503502743,0.011454379095053476
FR0000120404,848.0,1673.0,905.0,263.0,672743.0,103868.0,3242.74,1183.13,24391.0,2516.9,3840.0,127.0,4.158701066769763,301576.0,17582.0,39634.0,149.0,Accor,France,PwC,Hotels & Lodging,11865596509.0,3.0,4.082104209188586,8.053490969307198,18.485000192552086,0.6113528709515924,0.0200191640677098
FR0000120578,1080.0,1530.0,1056.0,469.0,713577.0,107525.0,2707.22,3120.48,26985.0,2826.5,5067.0,136.0,2.385608399687996,327888.0,162.0,26244.0,162.0,Sanofi,France,PwC & Forvis Mazars,Biotechnology & Pharmaceuticals,121648091481.0,5.0,5.0220878865380145,7.1146245059288535,23.56196233434085,0.6324110671936759,0.011093273190830021
FR0000120628,700.0,1194.0,911.0,345.0,548396.0,82201.0,2533.21,1841.62,20506.0,2669.5,5259.0,100.0,0.0,289432.0,18447.0,38753.0,143.0,AXA,France,EY & KPMG,Insurance,77286855225.0,5.0,4.257855743847399,7.262685368791135,31.98866193841924,0.6082651062639142,0.0
FR0000120644,2003.0,1834.0,1617.0,537.0,1187108.0,178561.0,5264.83,5243.36,41932.0,5556.2,6153.0,112.0,0.4696504255255052,599104.0,49136.0,136456.0,296.0,Danone,France,Forvis Mazars,Processed Foods,43424077749.0,5.0,5.6087275496889015,5.135499913194931,17.22940619732192,0.3136183153096141,0.001315097993194217
FR0000120859,1111.0,1537.0,813.0,187.0,627840.0,92178.0,3492.08,1077.68,23322.0,3507.2,5433.0,215.0,1.0956694289104136,348128.0,10148.0,39560.0,172.0,Imerys,France,Deloitte & PwC,Metals & Mining,2464254055.2,2.0,6.026383735815488,8.337130334787043,29.470155568573848,1.1662218750678037,0.005943226306224987
"FR0000121014,1167,1020,695,231,695885,106369,4070.09,1911.07,26223,3550.1,5427,102,0.0,392656,9118.0,46560.0,194,LVMH,France,Deloitte,""Apparel, Accessories & Footwear"",328522196029.0,5.0",,,,,,,,,,,,,,,,,,,,,,,,,,,,
"FR0000121485,808,825,573,137,480308,72651,2178.28,1358.42,18360,2183.5,2880,74,0.3690080150314909,222640,17490.0,29480.0,110,Kering,France,Deloitte & PwC,""Apparel, Accessories & Footwear"",30238040195.0,4.0",,,,,,,,,,,,,,,,,,,,,,,,,,,,
FR0000121667,1050.0,1472.0,692.0,369.0,612102.0,89561.0,2845.29,1467.24,24358.0,2981.4,3773.0,96.0,0.0,311696.0,51128.0,74690.0,154.0,EssilorLuxottica,France,PwC,Medical Equipment & Supplies,111388087336.0,5.0,5.861926508189948,8.217862685767242,21.063855919429216,0.535947566463081,0.0
FR0000121972,1740.0,1698.0,1291.0,427.0,842054.0,124993.0,3307.04,2640.86,31802.0,3411.5,5295.0,229.0,1.0003710882043837,376464.0,17856.0,52266.0,186.0,Schneider Electric,France,PwC & Forvis Mazars,Electrical & Electronic Equipment,139894939294.0,5.0,6.960389781827782,6.792380373300905,21.1811861464242,0.916051298872737,0.0040017084484906505
FR0000124141,1290.0,1466.0,755.0,249.0,748783.0,114921.0,2622.65,2262.89,26623.0,2590.4,5803.0,82.0,0.5802297474614974,295504.0,25550.0,46720.0,146.0,Veolia,France,KPMG & EY,Water Utilities & Services,20059227109.0,4.0,5.612551230845537,6.378294654588804,25.247778908989652,0.35676682242584035,0.002524472235107149
FR0000124570,986.0,926.0,554.0,193.0,545894.0,84386.0,2818.62,1649.73,20715.0,2580.8,3511.0,84.0,0.656420788946886,297528.0,21609.0,43071.0,147.0,Op Mobility,France,PwC & EY,Building Products & Furnishings,1482329078.0,1.0,5.842201313014008,5.486692105325528,20.803213803237504,0.4977128907638708,0.0038893939098125644
FR0000125007,800.0,835.0,775.0,196.0,501866.0,77914.0,2356.37,2446.28,18049.0,2321.3,4821.0,124.0,5.040089773650213,263120.0,13520.0,30290.0,130.0,Saint-Gobain,France,Deloitte,Construction Materials,44081483983.0,5.0,5.1338655440614005,5.358472161614087,30.93795723490002,0.7957491593295172,0.03234392903489882
FR0000125338,2229.0,1872.0,1271.0,553.0,1078068.0,166175.0,4566.11,2780.03,40047.0,4324.7,7435.0,108.0,0.0061737001283918,471592.0,32387.0,86443.0,233.0,Capgemini,France,Forvis Mazars,Software & IT Services,27823854513.0,4.0,6.7067850157966,5.632616217842635,22.370994433579057,0.3249586279524597,1.857589928807522e-05
FR0000125486,828.0,874.0,513.0,175.0,531386.0,80032.0,1511.95,2012.84,19386.0,1625.4,4066.0,60.0,0.0121020415430305,184184.0,18746.0,26936.0,91.0,VINCI,France,PwC,Engineering & Construction Services,58070072860.0,5.0,5.1729308276689325,5.46031587365054,25.402339064374253,0.3748500599760096,7.560751663728571e-05
FR0000127771,561.0,789.0,587.0,134.0,386102.0,59125.0,1696.11,1636.61,13873.0,1700.6,2299.0,73.0,17.86559359016564,186208.0,2576.0,10948.0,92.0,Vivendi,France,Deloitte & Grant Thornton,Media & Entertainment,2641757628.5,2.0,4.744186046511628,6.6723044397463,19.441860465116278,0.6173361522198731,0.1510832438914642
FR0000130809,645.0,1079.0,1171.0,371.0,538665.0,80383.0,2548.1,455.76,20383.0,2247.9,2217.0,37.0,0.043951685520072,230736.0,30666.0,43548.0,114.0,Société Générale,France,PwC & KPMG,Commercial Banks,22451522193.0,4.0,4.012042347262481,6.711618128211189,13.790229277334761,0.2301481656569175,0.00027338918378308843
FR0000131104,834.0,1005.0,1022.0,328.0,648074.0,99589.0,6183.84,-4061.75,21595.0,3326.5,10583.0,193.0,0.0,396704.0,134064.0,172284.0,196.0,BNP Paribas,France,Deloitte & EY,Commercial Banks,69246821890.0,5.0,4.187209430760426,5.045737983110585,53.13337818433763,0.9689825181495948,0.0
FR0000131906,884.0,1494.0,919.0,217.0,630405.0,93181.0,2991.5,1601.97,23887.0,2902.8,3547.0,135.0,0.8819414864489284,305624.0,14496.0,37146.0,151.0,Renault,France,KPMG & Forvis Mazars,Automobiles,14120032435.0,4.0,4.743456284006396,8.01665575600176,19.03285004453698,0.7243966044579904,0.0047324105045499
FR0004035913,958.0,838.0,624.0,101.0,475407.0,71630.0,2687.54,717.1,19116.0,2298.3,3078.0,59.0,2.8446934239630868,248952.0,10947.0,25953.0,123.0,iliad,France,Deloitte,Telecommunication Services,,,6.687142258830099,5.849504397598772,21.485411140583555,0.4118386151054028,0.019856857629227186
FR0010208488,667.0,1273.0,865.0,327.0,624174.0,96885.0,3417.37,1111.4,22333.0,2880.0,5143.0,134.0,0.3643296484202096,315744.0,10764.0,34944.0,156.0,Engie,France,Deloitte & EY,Electric Utilities & Power Generators,38446945638.0,5.0,3.4422253186767815,6.569644423801414,26.54177633276565,0.6915415182948856,0.0018802170017041316
FR0010307819,1090.0,1127.0,810.0,196.0,608257.0,93004.0,3156.57,2104.98,22240.0,2947.8,5316.0,153.0,0.0,321816.0,15423.0,40545.0,159.0,Legrand,France,PwC & Forvis Mazars,Electrical & Electronic Equipment,25518298265.0,4.0,5.859963012343555,6.058879187991914,28.57941593909939,0.8225452668702421,0.0
FR0010386334,931.0,1363.0,734.0,67.0,701451.0,106110.0,3977.44,1733.48,26899.0,3583.8,4662.0,111.0,0.2593057096616433,386584.0,12033.0,48323.0,191.0,Clariane,France,Forvis Mazars,Health Care Delivery,691230057.67,1.0,4.386956931486194,6.422580341155405,21.96776929601357,0.5230421260955612,0.0012218721593706685
FR0010451203,1223.0,1679.0,1228.0,393.0,765053.0,117247.0,2654.34,2993.71,27121.0,2846.8,4825.0,135.0,4.189109905897095,315744.0,33540.0,57720.0,156.0,Rexel,France,PwC & KPMG,Industrial Machinery & Goods,7522265753.2,3.0,5.215485257618532,7.160097912952996,20.576219434185948,0.5757076940134929,0.01786446521402294
FR0010533075,899.0,1590.0,984.0,140.0,680814.0,106368.0,3844.0,1220.11,25937.0,2912.3,3912.0,226.0,2.7534056815393706,329912.0,40261.0,66667.0,163.0,Getlink,France,KPMG & Forvis Mazars,Rail Transportation,8634353291.3,3.0,4.225895006016847,7.474052346570398,18.388989169675092,1.062349578820698,0.012942829053565785
FR0010667147,862.0,1128.0,1045.0,248.0,631589.0,94230.0,2898.2,2274.44,22798.0,2853.9,4766.0,62.0,0.0086972344429897,313720.0,39370.0,63240.0,155.0,Coface,France,Deloitte,Insurance,2223009705.9,2.0,4.573914889101135,5.985354982489652,25.289186034171706,0.32898227740634617,4.614896764825268e-05
FR0011040500,1174.0,863.0,371.0,103.0,417573.0,58770.0,1888.76,579.8,17056.0,2054.9,2156.0,22.0,1.721282911734321,208472.0,6283.0,16789.0,103.0,74Software,France,ACA Nexia & Forvis Mazars,Software & IT Services,831633832.65,1.0,9.988089161136633,7.342181385060405,18.34269184958312,0.18717032499574612,0.014644230999951683
FR0011476928,812.0,1093.0,727.0,87.0,538064.0,82254.0,2827.16,1712.71,19699.0,2498.2,3467.0,44.0,0.296528372357031,279312.0,5934.0,24840.0,138.0,Fnac Darty,France,KPMG & Deloitte,Multiline and Specialty Retailers & Distributors,855564636.81,1.0,4.935930167529846,6.644053784618377,21.074962919736425,0.2674641962700902,0.0018025164269034393
FR0011981968,913.0,1303.0,545.0,260.0,488767.0,72709.0,2253.26,1728.61,18640.0,2232.2,3585.0,78.0,1.3335062018616302,255024.0,8946.0,24696.0,126.0,Worldline,France,Deloitte,Software & IT Services,2488713182.5,2.0,6.278452461180872,8.960376294544004,24.653069083607257,0.5363847666726265,0.009170159140282703
FR0013154002,316.0,563.0,353.0,49.0,252827.0,37915.0,1648.98,1018.31,9196.0,1690.1,1669.0,65.0,0.0,186208.0,7268.0,15640.0,92.0,Sartorius Stedim Biotech,France,PwC,Medical Equipment & Supplies,19006765181.0,4.0,4.1672161413688515,7.42450217591982,22.009758670710802,0.8571805354081499,0.0
FR0013326246,1221.0,912.0,732.0,168.0,614493.0,92745.0,2936.41,1618.52,23008.0,2679.2,5126.0,133.0,0.0014323904634544,297528.0,19845.0,41307.0,147.0,Unibail-Rodamco-Westfield (URW),France,KPMG & Deloitte,Real Estate,10737115785.0,3.0,6.58256509784894,4.916707100113213,27.634912933311767,0.7170197854331769,7.722197765132351e-06
FR0013333432,476.0,500.0,325.0,39.0,329454.0,53049.0,1437.95,2000.23,12108.0,1359.2,3206.0,136.0,3.7438711731321614,170016.0,5292.0,12264.0,84.0,Thermador Groupe,France,KPMG,Multiline and Specialty Retailers & Distributors,684482943.24,1.0,4.486418217120021,4.712624177647081,30.217346227073083,1.281833776320006,0.03528691561699713
FR0013383502,460.0,637.0,839.0,273.0,406020.0,66303.0,3456.04,-2767.1,13225.0,1948.8,3600.0,112.0,0.0050370969224249,220616.0,6213.0,17985.0,109.0,HSBC Continental Europe,France,PwC,Commercial Banks,,,3.4689229748276853,4.803704206446164,27.148092846477535,0.8446073330015234,3.798543747963818e-05
FR0014003TT8,1238.0,867.0,759.0,168.0,610044.0,89889.0,3617.3,263.13,23761.0,3208.6,4384.0,44.0,1.608025072567648,333960.0,10230.0,37290.0,165.0,Dassault Systèmes,France,PwC,Software & IT Services,45527172046.0,5.0,6.886270845153468,4.822614557954811,24.385631167328594,0.24474629821223956,0.00894450418053181
FR001400AJ45,758.0,1110.0,666.0,159.0,493699.0,74069.0,2569.35,2220.48,19601.0,2576.1,2950.0,146.0,1.5809693381428795,285384.0,24111.0,43851.0,141.0,Michelin,France,Deloitte & PwC,Auto Parts,23360480933.0,4.0,5.116850504259542,7.493013271409091,19.913864099690826,0.9855675113745291,0.010672274083239138
FR001400EHH1,1955.0,3206.0,1944.0,306.0,1213316.0,184124.0,7507.37,4403.35,45959.0,6138.9,8214.0,431.0,6.73351862390982,752928.0,11532.0,149544.0,372.0,ELO,France,PwC & KPMG,Food Retailers & Distributors,,,5.308922248050227,8.706089374551933,22.305620125567554,1.1704068996980297,0.018285282266053908
FR001400J770,1009.0,1148.0,658.0,204.0,649483.0,98616.0,3143.06,3023.03,23619.0,2991.5,5282.0,136.0,2.6203360523106447,344080.0,35530.0,64260.0,170.0,Air France-KLM,France,KPMG & PwC,Airlines,2208946443.5,2.0,5.115802709499473,5.820556501987507,26.780644114545307,0.6895432789810984,0.013285552305460802
GB0000784164,491.0,627.0,735.0,145.0,360134.0,53961.0,1848.73,203.12,12843.0,1687.8,1162.0,37.0,0.2417357097704683,167992.0,3071.0,9877.0,83.0,Barclays Bank,United Kingdom,KPMG,Commercial Banks,,,4.549582105594782,5.809751487185189,10.767035451529809,0.34284019940327276,0.0022399113227188922
GB00B10RZP78,656.0,1033.0,649.0,157.0,402250.0,60570.0,1793.58,-61.339999999999975,14312.0,1380.9,1844.0,54.0,1.0690755905495184,155848.0,17402.0,23254.0,77.0,Unilever,United Kingdom,KPMG,Household & Personal Products,141047086176.0,5.0,5.415222057123989,8.527323757635793,15.222057123988773,0.44576523031203563,0.008825124571153363
GB00B2B0DG97,422.0,434.0,451.0,115.0,239134.0,35896.0,1065.52,-704.1999999999999,8235.0,649.2,1152.0,36.0,0.1994012894524297,70840.0,7350.0,8540.0,35.0,RELX,United Kingdom,EY,Professional & Commercial Services,84293330703.0,5.0,5.878092266547805,6.045241809672387,16.046356139959883,0.5014486293737463,0.002777486202535515
GB00BP6MXD84,830.0,1028.0,939.0,301.0,535141.0,81223.0,1928.61,911.35,18372.0,1756.5,2200.0,52.0,2.5101735180799287,202400.0,34300.0,44200.0,100.0,Shell,United Kingdom,EY,Oil & Gas – Exploration & Production,189496411088.0,5.0,5.109390197357891,6.32825677455893,13.542961968900435,0.32010637381037393,0.015452356586680673
GRS245213004,1064.0,1028.0,605.0,89.0,488321.0,70822.0,3156.24,-584.26,19584.0,2452.1,1650.0,191.0,1.1701158664866416,273240.0,3780.0,21870.0,135.0,LAMDA Development,Greece,EY,Real Estate,1320954871.2,1.0,7.511790121713592,7.257631809324786,11.648922651153596,1.3484510462850525,0.008260963164600276
HRARNTRA0004,342.0,498.0,303.0,41.0,201142.0,29892.0,1047.45,-141.20999999999998,7568.0,740.1,1238.0,21.0,5.290815766676703,89056.0,1188.0,3080.0,44.0,Arena Hospitality,Croatia,Deloitte,Hotels & Lodging,163534023.51,1.0,5.72059413890004,8.329987956643919,20.70788170748026,0.35126455238859894,0.08849885866915401
HRHT00RA0005,522.0,614.0,369.0,81.0,280207.0,42459.0,1455.33,-719.52,9318.0,854.0,1389.0,31.0,1.1133647150853176,103224.0,1581.0,4131.0,51.0,Hrvatski Telekom,Croatia,Deloitte,Telecommunication Services,3212176464.0,2.0,6.147106620504486,7.230504722202595,16.35695612237688,0.3650580560069714,0.013111056726316182
IE0004927939,687.0,656.0,440.0,112.0,325775.0,49067.0,1581.38,-1178.93,10897.0,860.8,1535.0,75.0,3.051930417588421,99176.0,3822.0,6174.0,49.0,Kingspan,Ireland,EY,Building Products & Furnishings,13258607207.0,4.0,7.000631789186214,6.684737196078831,15.641877432897875,0.7642611123565737,0.03109962314374652
IE00BD6JX574,479.0,702.0,604.0,34.0,291546.0,45668.0,1810.47,-356.89000000000004,9991.0,1218.8,1371.0,59.0,8.921385748473318,143704.0,7029.0,11999.0,71.0,Glenveagh Properties,Ireland,KPMG,Home Builders,928994283.75,1.0,5.244372427082421,7.685906980818078,15.01051064202505,0.645966541122887,0.09767655413498859
IE00BF0L3536,632.0,739.0,703.0,75.0,358040.0,54690.0,1544.44,694.97,12778.0,1334.7,1437.0,107.0,18.266805809064905,157872.0,3510.0,9516.0,78.0,AIB,Ireland,PwC,Commercial Banks,12847429936.0,4.0,5.778021576156519,6.756262570853904,13.137685134393857,0.9782409946973853,0.16700316153835168
IE00BF0L3536,632.0,739.0,703.0,75.0,358040.0,54690.0,1544.44,694.97,12778.0,1334.7,1437.0,107.0,18.266805809064905,157872.0,3510.0,9516.0,78.0,ALLIED IRISH BANKS PLC,Ireland,PwC,Commercial Banks,12847429936.0,4.0,5.778021576156519,6.756262570853904,13.137685134393857,0.9782409946973853,0.16700316153835168
IT0000072618,1523.0,1368.0,1417.0,501.0,1141915.0,193936.0,8433.57,-6825.81,37479.0,4559.2,7856.0,1242.0,0.5275442555926795,477664.0,33276.0,88736.0,236.0,Intesa Sanpaolo,Italy,EY,Commercial Banks,71093989502.0,5.0,3.9265530896790692,3.5269367213926244,20.254104446827817,3.2020872865275143,0.0013600988356795012
IT0003132476,880.0,1321.0,829.0,265.0,672774.0,101161.0,3331.05,-139.08999999999992,25579.0,2939.0,3436.0,67.0,0.6494906217642967,283360.0,19320.0,38780.0,140.0,Eni,Italy,PwC,Oil & Gas – Exploration & Production,41399693723.0,5.0,4.34950227854608,6.52919603404474,16.982829351232194,0.33115528711657655,0.0032101828855205894
IT0003372205,716.0,628.0,399.0,65.0,479148.0,75399.0,3447.09,603.09,18193.0,3220.6,3480.0,155.0,0.8035843992133627,323840.0,12480.0,37920.0,160.0,Edison,Italy,KPMG,Electric Utilities & Power Generators,9045718724.9,3.0,4.748073581877744,4.164511465669306,23.07722914097004,1.0278650910489529,0.0053288796881481365
IT0003856405,680.0,465.0,381.0,121.0,332177.0,51945.0,2358.77,1073.28,13609.0,2133.9,1791.0,212.0,3.1699380699401107,226688.0,9408.0,21840.0,112.0,Leonardo,Italy,EY,Aerospace & Defence,15473158157.0,4.0,6.545384541341804,4.475887958417557,17.239387814034075,2.040619886418327,0.03051244652940717
IT0004056880,770.0,587.0,553.0,144.0,344846.0,50220.0,3018.87,-355.58,14608.0,2264.7,2422.0,115.0,10.5461263878909,244904.0,11132.0,25652.0,121.0,Amplifon,Italy,KPMG,Health Care Distributors,5796303454.3,3.0,7.666268418956591,5.8442851453604145,24.113898845081643,1.144962166467543,0.10499926710365294
IT0004176001,1615.0,1545.0,1094.0,324.0,845568.0,126839.0,6215.17,3075.04,34221.0,5001.9,4929.0,82.0,12.363435404998118,607200.0,8100.0,97800.0,300.0,Prysmian,Italy,EY,Electrical & Electronic Equipment,18313935398.0,4.0,6.36633842903208,6.0903980636870365,19.43014372551029,0.32324442797562264,0.04873672689392899
IT0005239360,2260.0,1165.0,1237.0,495.0,1009375.0,164705.0,6505.21,-5783.46,33796.0,3324.1,8227.0,214.0,0.3349734424547363,376464.0,25482.0,59892.0,186.0,UniCredit,Italy,KPMG,Commercial Banks,61872299151.0,5.0,6.860751039737712,3.536626089068334,24.97495522297441,0.6496463373910931,0.0010168891122149793
LI0315487269,443.0,660.0,561.0,126.0,350931.0,59487.0,2675.94,374.19000000000005,11388.0,1660.9,7161.0,25.0,7.61142276174571,214544.0,23532.0,34662.0,106.0,VP Bank,Liechtenstein,PwC,Asset Management & Custody Activities,481259146.61,1.0,3.7235026140165077,5.547430531040395,60.18962126178829,0.21012994435759072,0.06397551365630902
LT0000115768,800.0,947.0,514.0,103.0,437201.0,65486.0,2593.51,475.23,16255.0,2048.5,2563.0,52.0,2.133372602647561,242880.0,20280.0,34560.0,120.0,Ignitis,Lithuania,KPMG,Electric Utilities & Power Generators,1467267466.3,1.0,6.10817579329933,7.230553095318083,19.56906819778273,0.3970314265644565,0.01628876861197478
LT0000123911,541.0,721.0,527.0,56.0,318818.0,48240.0,2591.38,-1133.11,12396.0,1644.2,1305.0,54.0,6.854622261902358,186208.0,4876.0,13248.0,92.0,Telia Lithuania,Lithuania,PwC,Telecommunication Services,949915764.72,1.0,5.607379767827529,7.473051409618574,13.526119402985074,0.5597014925373134,0.07104707982900453
LU1673108939,936.0,879.0,672.0,93.0,420347.0,61015.0,2620.24,-272.59000000000003,16583.0,2088.6,2826.0,83.0,0.0305030383377673,226688.0,5600.0,18032.0,112.0,Aroundtown,Luxembourg,KPMG,Real Estate,3306829161.4,2.0,7.670245021715972,7.203146767188397,23.15823977710399,0.6801606162419077,0.00024996343798875113
LU2237380790,698.0,817.0,602.0,75.0,402381.0,60978.0,1329.42,588.1,14355.0,1354.3,1983.0,87.0,2.137421084393244,137632.0,7072.0,11628.0,68.0,Allegro,Luxembourg,PwC,E-Commerce,6902943339.0,3.0,5.723375643674768,6.699137393814162,16.25996260946571,0.713372035816196,0.017526165866322642
LU2290522684,481.0,680.0,504.0,83.0,319459.0,48219.0,2076.71,389.43,11989.0,1631.7,1890.0,78.0,7.0097691437007175,182160.0,8640.0,16650.0,90.0,InPost,Luxembourg,PwC,Air Freight & Logistics,8506038730.4,3.0,4.9876604657914925,7.051162404861154,19.598083742922913,0.8088098052634853,0.07268679507767392
LU2910446546,489.0,547.0,286.0,118.0,293385.0,43790.0,1165.4,934.18,10907.0,1260.6,2013.0,31.0,3.817195622382096,137632.0,4080.0,8636.0,68.0,Zabka,Luxembourg,EY,Food Retailers & Distributors,4658692500.0,2.0,5.583466544873259,6.245718200502398,22.98469970312857,0.35396209180178123,0.04358524346177319
NL0000009082,916.0,851.0,547.0,76.0,489464.0,76167.0,2160.76,1872.08,17446.0,1991.3,1798.0,23.0,7.302929317590782,236808.0,5382.0,18954.0,117.0,KPN,Netherlands,EY,Telecommunication Services,14141112359.0,4.0,6.013102787296336,5.5864088122152635,11.803011803011803,0.15098402195176389,0.04794024523475246
NL0000009165,800.0,908.0,812.0,180.0,451598.0,67082.0,2879.32,879.39,17251.0,2776.2,2001.0,364.0,56.01274771363348,299552.0,20424.0,42180.0,148.0,Heineken,Netherlands,Deloitte,Alcoholic Beverages,40191664722.0,5.0,5.962851435556484,6.767836379356609,14.914582153185655,2.7130974031782,0.4174946163921282
NL0000009538,831.0,585.0,438.0,127.0,383477.0,56716.0,2759.04,-2043.09,14376.0,1374.7,2966.0,85.0,0.0032131162988943,172040.0,14025.0,21165.0,85.0,Philips,Netherlands,EY,Electric Utilities & Power Generators,23364693199.0,4.0,7.325975033500247,5.157274843077791,26.14782424712603,0.7493476267719867,2.832636556610392e-05
NL0000226223,486.0,1137.0,460.0,154.0,377648.0,56720.0,2571.35,1803.05,14236.0,2543.7,1575.0,108.0,1.6441063699955023,285384.0,8883.0,28623.0,141.0,STMicroelectronics,Netherlands,EY,Semiconductors,22570680952.0,4.0,4.284203102961918,10.022919605077574,13.883991537376588,0.9520451339915375,0.01449318027146952
NL0000235190,692.0,918.0,848.0,232.0,457069.0,68888.0,1811.06,1855.34,16767.0,2023.1,2958.0,45.0,0.5564723549217664,220616.0,14170.0,25942.0,109.0,Airbus,France,EY,Aerospace & Defence,126252855902.0,5.0,5.022645453489722,6.662989199860643,21.469631866217625,0.3266171176402276,0.004038964369133712
NL0000313286,403.0,568.0,351.0,86.0,253494.0,38190.0,1805.64,-1432.35,9121.0,998.6,916.0,124.0,1.4183185247086387,113344.0,4368.0,7448.0,56.0,Acomo,Netherlands,EY,Processed Foods,530423028.4,1.0,5.276250327310815,7.436501702016235,11.992668237758576,1.6234616391725583,0.01856923965316364
NL0000313286,403.0,568.0,351.0,86.0,253494.0,38190.0,1805.64,-1432.35,9121.0,998.6,916.0,124.0,1.4183185247086387,113344.0,4368.0,7448.0,56.0,AMSTERDAM COMMODITIES,Netherlands,EY,Processed Foods,530423028.4,1.0,5.276250327310815,7.436501702016235,11.992668237758576,1.6234616391725583,0.01856923965316364
NL0000334118,573.0,307.0,213.0,60.0,164028.0,24085.0,614.84,576.7,6680.0,658.6999999999999,953.0,71.0,2.005720716928255,74888.0,2072.0,3404.0,37.0,ASM International,Netherlands,KPMG,Semiconductors,28401708276.0,4.0,11.895370562590823,6.3732613659954325,19.784097986298526,1.4739464396927549,0.04163837901034368
NL0000337319,736.0,885.0,769.0,67.0,413859.0,62848.0,1627.83,32.75999999999999,13694.0,1247.4,2798.0,116.0,9.53048855320218,141680.0,4200.0,9030.0,70.0,BAM,Netherlands,EY,Engineering & Construction Services,1145214588.1,1.0,5.855397148676171,7.04079684317719,22.26005600814664,0.9228615071283096,0.07582173301618332
NL0000360618,450.0,498.0,323.0,96.0,251772.0,38920.0,1649.76,1373.23,9536.0,1376.1,4563.0,50.0,2.6965737245200363,170016.0,6720.0,13692.0,84.0,SBM Offshore,Netherlands,Deloitte,Oil & Gas – Exploration & Production,3064791555.7,2.0,5.781089414182939,6.397738951695786,58.620246659815,0.6423432682425488,0.03464251958530365
NL0000379121,548.0,475.0,188.0,114.0,216661.0,32595.0,1137.96,635.35,8404.0,1118.3,1875.0,45.0,0.5160515534619055,121440.0,5400.0,8940.0,60.0,Randstad,Netherlands,Deloitte,Professional & Commercial Services,7380892390.9,3.0,8.406197269519865,7.286393618653168,28.762080073630926,0.6902899217671422,0.007916115254822909
NL0000395903,440.0,357.0,286.0,121.0,244393.0,36606.0,1168.26,740.08,8909.0,1133.4,1507.0,44.0,2.822888393236476,129536.0,5760.0,9792.0,64.0,Wolters Kluwer,Netherlands,Deloitte,Professional & Commercial Services,38915641099.0,5.0,6.009943725072392,4.876249795115554,20.584057258372944,0.6009943725072392,0.0385577281488892
NL0000852523,584.0,788.0,466.0,63.0,311401.0,46800.0,1518.03,570.74,11644.0,1319.9,2019.0,136.0,2.0135306258268457,151800.0,6225.0,11775.0,75.0,TKH,Netherlands,EY,Software & IT Services,1375474697.2,1.0,6.239316239316239,8.418803418803419,21.57051282051282,1.4529914529914532,0.0215120793357569
NL0000888691,434.0,505.0,391.0,59.0,243370.0,36935.0,1429.58,-129.49000000000007,8691.0,1031.1,1727.0,61.0,0.0,119416.0,3599.0,7021.0,59.0,AMG Critical Materials,Netherlands,KPMG,Chemicals,464329748.38,1.0,5.875186137809665,6.83633410044673,23.378908894002976,0.8257750101529714,0.0
NL0006237562,572.0,530.0,433.0,147.0,317816.0,47309.0,2418.43,-268.4799999999999,12662.0,1632.6,957.0,72.0,3.36655672472297,222640.0,6710.0,18700.0,110.0,Arcadis,Netherlands,PwC,Engineering & Construction Services,5442481198.5,3.0,6.045361347735104,5.601471178845463,10.114354562556809,0.7609545752393837,0.035580510312234144
NL0009739416,1275.0,1433.0,574.0,136.0,562726.0,82268.0,2543.6,995.08,22087.0,2257.9,2004.0,73.0,0.0272566944293451,261096.0,30315.0,46827.0,129.0,PostNL,Netherlands,KPMG,Air Freight & Logistics,541616604.0,1.0,7.749064034618564,8.70934020518306,12.179705353235766,0.4436719015899256,0.000165657937651001
NL0010273215,1629.0,894.0,768.0,182.0,608504.0,99073.0,4546.43,-1566.7099999999998,21408.0,2835.5,2539.0,453.0,78.57831174094626,331936.0,27224.0,53956.0,164.0,ASML Holding,Netherlands,KPMG,Semiconductors,276317303223.0,5.0,8.2212106224703,4.5118246141733875,12.813783775599811,2.28619300919524,0.39656774167001235
NL0010773842,726.0,1064.0,900.0,178.0,500362.0,76421.0,1965.28,2339.83,17547.0,2187.4,2296.0,78.0,1.8032083346663268,248952.0,14760.0,29766.0,123.0,NN,Netherlands,KPMG,Insurance,11646624515.0,3.0,4.7500032713521145,6.9614373012653585,15.022048913256826,0.5103309299799793,0.011797858799716876
NL0010801007,608.0,711.0,594.0,138.0,395115.0,58758.0,3191.17,-2948.07,14122.0,1772.9,2317.0,45.0,1.1562063367572346,196328.0,12998.0,22310.0,97.0,IMCD,Netherlands,Deloitte,Chemicals,8774822231.5,3.0,5.173763572619898,6.0502399673235985,19.716464141053134,0.3829265802103543,0.009838714190044203
NL0010832176,367.0,603.0,363.0,88.0,219576.0,31774.0,1515.65,122.54000000000002,9167.0,1241.6,944.0,53.0,73.20779208873805,141680.0,21350.0,26180.0,70.0,Argenx,Netherlands,Deloitte,Biotechnology & Pharmaceuticals,37739845612.0,5.0,5.7751620822055765,9.488890287656574,14.85491282180399,0.8340152325800969,1.15200780652008
NL0011540547,849.0,853.0,1295.0,158.0,552850.0,87785.0,4456.53,-1447.65,19519.0,2636.0,5874.0,149.0,2.618627249185145,297528.0,31605.0,53067.0,147.0,ABN Amro,Netherlands,EY,Commercial Banks,12840717227.0,4.0,4.835678077120237,4.858461012701487,33.4567409010651,0.8486643504015493,0.01491500398237253
NL0011585146,841.0,679.0,525.0,75.0,429048.0,65013.0,2836.32,277.0899999999999,16905.0,2378.0,1798.0,208.0,2.1118112571796392,248952.0,20664.0,35670.0,123.0,Ferrari,Italy,Deloitte,Automobiles,103474822764.0,5.0,6.46793718179441,5.222032516573608,13.828003630043222,1.5996800639872024,0.016241453687567402
NL0011794037,750.0,1125.0,716.0,171.0,529551.0,85034.0,1996.45,2881.53,18167.0,2074.0,2700.0,65.0,31.418371280183443,250976.0,10416.0,25668.0,124.0,Royal Ahold Delhaize,Netherlands,KPMG,Food Retailers & Distributors,29677382936.0,4.0,4.410000705600113,6.615001058400169,15.876002540160405,0.3822000611520098,0.18474005268588706
NL0011821202,404.0,638.0,603.0,178.0,266105.0,40626.0,1115.26,816.28,10258.0,1001.8,1344.0,55.0,2.549069303358067,123464.0,5612.0,9272.0,61.0,ING,Netherlands,KPMG,Commercial Banks,48496034069.0,5.0,4.972185300054153,7.852114409491459,16.541131295229658,0.6769064146113327,0.03137238841330758
NL0011821392,862.0,666.0,558.0,87.0,382903.0,57321.0,2001.44,-292.32999999999987,14027.0,1579.1,2425.0,48.0,2.1005505560644773,170016.0,2856.0,9828.0,84.0,Signify,Netherlands,EY,Electrical & Electronic Equipment,2818586468.9,2.0,7.519059332530835,5.809389229078349,21.152806126899392,0.41869471921285395,0.018322696359662927
NL0011872643,1095.0,1282.0,836.0,176.0,574910.0,85681.0,1679.45,3267.07,19670.0,1991.7,3117.0,166.0,1.0076813234203406,259072.0,16896.0,33152.0,128.0,ASR Nederland,Netherlands,KPMG,Insurance,9900075158.4,3.0,6.389981442793618,7.481238547635999,18.189563613870053,0.9687095155285302,0.005880424618178713
NL0012044747,324.0,287.0,205.0,52.0,188568.0,28094.0,1589.39,972.67,7627.0,1211.1,1036.0,75.0,22.132358155585703,167992.0,3735.0,10541.0,83.0,Redcare Pharmacy,Netherlands,Forvis Mazars,Drug Retailers,2741086870.2,2.0,5.766355805510073,5.107852210436392,18.43810066206307,1.3348045846088132,0.39389830845706736
NL0012756316,451.0,442.0,472.0,62.0,195642.0,29165.0,1534.96,-709.25,8150.0,868.4,565.0,27.0,1.877962844806592,109296.0,4266.0,7128.0,54.0,NIBC Bank,Netherlands,EY,Commercial Banks,,,7.731870392593863,7.577575861477799,9.68626778673067,0.46288359334819135,0.03219548851031359
NL0012817175,321.0,531.0,251.0,35.0,187318.0,28845.0,990.54,-414.1,6303.0,555.5,891.0,17.0,4.7451176908474775,68816.0,646.0,1768.0,34.0,Alfen,Netherlands,PwC,Electrical & Electronic Equipment,270723699.88,1.0,5.564222568902756,9.204368174726989,15.444617784711388,0.2946784538048189,0.08225199672122513
NL0012969182,759.0,547.0,446.0,156.0,340560.0,53969.0,2403.86,-398.8800000000001,11995.0,1615.7,1659.0,55.0,10.73931657938792,192280.0,9025.0,17955.0,95.0,Adyen,Netherlands,PwC,E-Commerce,46836810042.0,5.0,7.031814560210491,5.067724063814412,15.36993459208064,0.5095517797253979,0.09949523411021068
NL0013332471,301.0,216.0,211.0,27.0,142806.0,21648.0,775.61,262.47,5384.0,678.0,920.0,40.0,1.2938267955795566,78936.0,2418.0,3900.0,39.0,TomTom,Netherlands,PwC,Internet Media & Services,635430472.34,1.0,6.952143385070214,4.988913525498892,21.24907612712491,0.9238728750923872,0.029883287037591386
NL0013995087,1079.0,1213.0,708.0,188.0,587669.0,89394.0,4545.76,2443.73,24089.0,3735.4,3606.0,162.0,3.185323089602239,435160.0,27735.0,73745.0,215.0,Cementir Holding,Netherlands,PwC,Construction Materials,1696879964.2,2.0,6.0350806541826065,6.784571671476832,20.169138868380426,0.9061010806094368,0.01781620181221468
NL00150000S7,380.0,250.0,209.0,41.0,147706.0,22271.0,623.36,443.75,5755.0,661.3,598.0,40.0,2.707463924167581,70840.0,2310.0,3500.0,35.0,Cabka,Netherlands,BDO,Containers & Packaging,53931429.102,1.0,8.53127385389071,5.6126801670333615,13.425530959543801,0.8980288267253379,0.060784516280534794
NL00150001Q9,682.0,927.0,634.0,173.0,369402.0,53517.0,2754.67,-976.81,15611.0,2001.6,1580.0,76.0,1.606820434640523,214544.0,17914.0,29044.0,106.0,Stellantis,Netherlands,Deloitte,Automobiles,37541939795.0,5.0,6.371807089336098,8.660799372162117,14.761664517816767,0.7100547489582749,0.01501224316236451
NL00150003E1,419.0,410.0,272.0,105.0,205968.0,30259.0,2031.46,-1616.18,8544.0,1070.4,1141.0,39.0,5.586294558906345,127512.0,2583.0,6489.0,63.0,Fugro,Netherlands,EY,Oil & Gas – Services,1926030371.2,2.0,6.923559932582042,6.774843848111305,18.853894709012195,0.6444363660398559,0.0923079837223032
NL0015000IY2,271.0,277.0,253.0,68.0,155088.0,22903.0,1377.27,-666.58,6123.0,1011.6,877.0,4.0,0.0,101200.0,5150.0,7600.0,50.0,Universal Music Group,Netherlands,EY,Media & Entertainment,46805525623.0,5.0,5.916255512378291,6.047242719294416,19.14596341090687,0.08732480461074969,0.0
NL0015000LU4,1096.0,1239.0,636.0,272.0,570377.0,85480.0,2312.1,1963.64,22540.0,2336.2,2765.0,67.0,2.2370782083599123,259072.0,1280.0,17536.0,128.0,Iveco,Netherlands,Deloitte,Automobiles,2555781974.0,2.0,6.410856340664482,7.247309312119794,16.17337388862892,0.39190453907346745,0.013085389613710295
NL0015001FS8,1505.0,1415.0,1100.0,397.0,662697.0,97894.0,2987.68,1003.58,25653.0,2529.0,5534.0,281.0,1.55369900162734,295504.0,6132.0,27302.0,146.0,Ferrovial,Spain,EY,Engineering & Construction Services,30336894191.0,4.0,7.6868858152695765,7.22720493595113,28.265266512758696,1.435225856538705,0.007935619147380533
NO0003053605,1019.0,818.0,815.0,92.0,555096.0,85342.0,4278.39,-2409.99,19056.0,2476.8,8301.0,150.0,4.400466202077316,277288.0,7809.0,26441.0,137.0,Storebrand,Norway,PwC,Insurance,4621340286.5,2.0,5.970096787045065,4.7924820135454995,48.633732511541794,0.8788169951489302,0.025781363233093414
NO0005052605,500.0,906.0,603.0,169.0,359004.0,53404.0,1098.11,1734.81,13190.0,1217.6,2595.0,86.0,8.217648241353984,147752.0,5183.0,10439.0,73.0,Norsk Hydro,Norway,KPMG,Metals & Mining,10861581057.0,3.0,4.681297281102538,8.482510673357801,24.295932888922177,0.8051831323496367,0.07693850873861494
NO0010063308,534.0,937.0,526.0,125.0,316752.0,47933.0,2197.5,-428.93,12174.0,1395.3,1486.0,125.0,8.31859550187673,170016.0,5796.0,12768.0,84.0,Telenor,Norway,EY,Telecommunication Services,15255407227.0,4.0,5.570275175766174,9.77405962489308,15.500803204472911,1.3039033651138048,0.08677315734334103
NO0010096985,877.0,1253.0,758.0,148.0,471994.0,70099.0,2259.01,114.95000000000002,17319.0,1810.8,1625.0,98.0,7.829340389442178,208472.0,8446.0,18952.0,103.0,Equinor,Norway,EY,Oil & Gas – Exploration & Production,63868636982.0,5.0,6.255438736643889,8.937360019401131,11.590750224682235,0.6990113981654517,0.05584487930956346
NO0010161896,760.0,930.0,914.0,132.0,799874.0,180946.0,5123.12,-2453.4,18547.0,2546.4,16006.0,195.0,0.0,297528.0,9114.0,30576.0,147.0,DNB Bank,Norway,EY,Commercial Banks,29557861050.0,4.0,2.1000740552430006,2.56982746233683,44.22866490555193,0.5388347904899804,0.0
NO0010582521,586.0,852.0,638.0,81.0,324179.0,51022.0,1820.73,2738.08,11671.0,1802.8,2054.0,44.0,9.269685813923283,226688.0,5264.0,17696.0,112.0,Gjensidige Forsikring,Norway,Deloitte,Insurance,8829105584.8,3.0,5.742620830230097,8.34933950060758,20.128571988553958,0.43118654697973424,0.09084008676574108
NO0010734338,388.0,538.0,345.0,50.0,215223.0,31917.0,587.74,388.18,7406.0,571.4,1839.0,43.0,3.795467370483454,70840.0,595.0,1785.0,35.0,Multiconsult,Norway,Deloitte,Engineering & Construction Services,483206834.31,1.0,6.078265501143591,8.428110411379516,28.809098599492433,0.6736222076009649,0.059458397883313814
PLBNFTS00018,782.0,610.0,475.0,64.0,357967.0,53302.0,2443.25,-881.67,14130.0,1518.0,1640.0,78.0,2.897878572033912,180136.0,5963.0,13795.0,89.0,Benefit Systems,Poland,KPMG,Professional & Commercial Services,2072635434.8,2.0,7.335559641289257,5.72211174064763,15.384038122396909,0.7316798619188774,0.02718358196722367
PLBRE0000012,1125.0,1397.0,984.0,162.0,849272.0,160995.0,6360.2,-1080.67,26340.0,3828.6,11811.0,169.0,2.631852943967635,410872.0,23751.0,64757.0,203.0,MBANK,Poland,KPMG,Commercial Banks,5627783700.8,3.0,3.4938973260039132,4.338644057268859,36.681263393273085,0.5248610205285879,0.00817371018965693
PLBSK0000017,857.0,941.0,940.0,174.0,620720.0,104538.0,2902.77,3121.79,19442.0,2589.1,20972.0,311.0,2.623748561659108,303600.0,26550.0,48900.0,150.0,ING BANK ŚLĄSKI,Poland,Forvis Mazars,Commercial Banks,7603748491.5,3.0,4.098987927834854,4.500755706059041,100.30802196330521,1.4874973693776425,0.012549257502817674
PLBZ00000044,686.0,1040.0,796.0,137.0,557921.0,104878.0,3799.42,-904.83,16744.0,2364.8,13553.0,213.0,1.3184450980446418,259072.0,23680.0,39936.0,128.0,Santander Bank Polska,Poland,PwC,Commercial Banks,11316830499.0,3.0,3.270466637426343,4.9581418409962055,64.61316958752074,1.0154655885886459,0.006285613274684118
PLCFRPT00013,437.0,797.0,503.0,92.0,346789.0,53455.0,2341.99,1467.69,13675.0,2345.4,1835.0,67.0,1.4046642657746793,238832.0,42126.0,55932.0,118.0,Cyfrowy Polsat,Poland,EY,Telecommunication Services,1884519268.1,2.0,4.087550275933028,7.454868581049481,17.163969694135254,0.6266953512300065,0.013138754707461222
PLDINPL00011,287.0,501.0,318.0,36.0,269859.0,40723.0,1058.7,1119.63,9223.0,1099.7,1096.0,373.0,2.1313799095969945,115368.0,2565.0,5757.0,57.0,Dino Polska,Poland,KPMG,Food Retailers & Distributors,9248652223.9,3.0,3.523807185128797,6.15131498170567,13.45676890209464,4.579721533285858,0.026169239859501935
PLENEA000013,523.0,938.0,675.0,72.0,483500.0,74419.0,1951.75,1058.53,15160.0,2004.2,3687.0,473.0,1.8757293499211447,208472.0,11536.0,22042.0,103.0,ENEA,Poland,PwC,Electric Utilities & Power Generators,1655064863.7,2.0,3.5138875824722184,6.30215401980677,24.771899649283114,3.177951867130706,0.01260248961905659
PLEURCH00011,429.0,669.0,353.0,57.0,298603.0,44840.0,2258.83,2803.57,11860.0,2163.8,2102.0,95.0,33.636427131091914,257048.0,8509.0,24511.0,127.0,Eurocash,Poland,Grant Thornton,Food Retailers & Distributors,241140973.01,1.0,4.783675289919715,7.459857270294379,23.438893844781443,1.059322033898305,0.375071667385057
PLGRPRC00015,681.0,715.0,303.0,65.0,289927.0,42303.0,1590.67,1355.27,11951.0,1626.2,825.0,10.0,2.343829680011969,178112.0,7128.0,14784.0,88.0,Grupa Pracuj,Poland,EY,Professional & Commercial Services,944990843.5,1.0,8.049074533721013,8.450937285771696,9.751081483582725,0.11819492707373,0.02770287781022586
"PLLPP0000011,426,561,410,80,367388,57566,1602.43,2746.92,14058,1717.2,2620,56,8.632807512185462,206448,5916.0,16218.0,102,LPP,Poland,Grant Thornton,""Apparel, Accessories & Footwear"",7217860838.0,3.0",,,,,,,,,,,,,,,,,,,,,,,,,,,,
PLPEKAO00016,896.0,599.0,528.0,129.0,515552.0,82133.0,4646.71,-42.85999999999999,16642.0,3674.3,20320.0,921.0,1.2362873829816934,352176.0,21750.0,51852.0,174.0,Bank Polska Kasa Opieki,Poland,PwC,Commercial Banks,8759459426.8,3.0,5.454567591589252,3.6465245394664754,123.70180073782768,5.6067597676938625,0.007526130684266333
PLWRTPL00027,424.0,486.0,326.0,59.0,232348.0,35583.0,1707.4,1080.47,8728.0,1455.2,1325.0,72.0,2.972779853314675,176088.0,7830.0,15312.0,87.0,Wirtualna Polska Holding,Poland,PwC,Internet Media & Services,561177867.21,1.0,5.957901244976534,6.829103785515556,18.61844139055167,1.0117190793356379,0.04177247355920911
PTEDP0AM0009,2285.0,2457.0,1983.0,402.0,1094829.0,162465.0,6279.44,-159.87,42354.0,5534.1,4692.0,667.0,2.7976457412643687,564696.0,23436.0,100998.0,279.0,EDP - Energias de Portugal,Portugal,PwC,Electric Utilities & Power Generators,13323691845.0,4.0,7.032283876527252,7.561628658480288,14.44003323792817,2.052749823038808,0.008609995202857134
PTSON0AM0001,1277.0,955.0,634.0,110.0,525028.0,75269.0,3652.3,758.53,22415.0,3665.1,4258.0,528.0,9.963593255642351,378488.0,8976.0,43758.0,187.0,Sonae,Portugal,PwC,Food Retailers & Distributors,1825855636.9,2.0,8.482907970080644,6.343913164782314,28.285217021615804,3.5074200534084414,0.06618656588796418
PTZON0AM0006,1159.0,828.0,590.0,168.0,540559.0,77584.0,4667.15,2414.2,23763.0,4317.6,5480.0,56.0,30.728456952662587,483736.0,13623.0,70505.0,239.0,NOS,Portugal,KPMG,Telecommunication Services,1762617234.0,2.0,7.469323571870489,5.336151783872963,35.316560115487725,0.3608991544648381,0.19803346664687685
SE0000148884,780.0,768.0,766.0,154.0,530955.0,82022.0,1655.79,2609.75,17322.0,1972.5,7549.0,123.0,0.801600894403727,236808.0,8775.0,22347.0,117.0,SEB,Sweden,EY,Commercial Banks,27313019741.0,4.0,4.754821877057375,4.681670771256492,46.01814147423862,0.7497988344590475,0.004886499319717435
SE0000242455,1132.0,1099.0,946.0,176.0,659462.0,102148.0,3374.54,784.89,19727.0,2836.6,10733.0,192.0,0.0,311696.0,11550.0,35112.0,154.0,Swedbank,Sweden,PwC,Commercial Banks,22192655170.0,4.0,5.540979754865489,5.379449426322591,52.536515643967576,0.9398128206132279,0.0
SE0000667925,569.0,784.0,544.0,64.0,343742.0,51783.0,3029.12,-1584.06,13233.0,1769.7,2351.0,82.0,2.9683042092585312,202400.0,6500.0,16400.0,100.0,Telia Company,Sweden,KPMG,Telecommunication Services,10894804511.0,3.0,5.4940810690767234,7.570051947550354,22.700500164146533,0.7917656373713381,0.028660991148239105
SE0006993770,518.0,852.0,661.0,79.0,390417.0,59566.0,1854.12,-993.37,12529.0,904.5,2456.0,72.0,7.583538949293446,121440.0,2580.0,6120.0,60.0,Axfood,Sweden,Deloitte,Food Retailers & Distributors,4560752152.5,2.0,4.348118053923379,7.151730853171272,20.615787529798876,0.6043716213947554,0.06365660737076055
SE0007100581,355.0,447.0,376.0,57.0,208205.0,33067.0,1452.2,-606.09,7467.0,836.8,1969.0,72.0,2.0103117998218902,101200.0,3100.0,5550.0,50.0,Assa Abloy,Sweden,EY,Electrical & Electronic Equipment,31095228490.0,5.0,5.367889436598421,6.759004445519702,29.772885353978285,1.088698702634046,0.03039755344938897
SE0007100599,983.0,916.0,868.0,162.0,598140.0,94463.0,3093.57,-240.83,16734.0,2276.1,11779.0,91.0,3.327625833491665,242880.0,30720.0,45000.0,120.0,Svenska Handelsbanken,Sweden,Deloitte,Commercial Banks,20063931510.0,4.0,5.203095391846543,4.848459185077756,62.34716238103808,0.4816700718799954,0.01761338213634791
SK1110001437,967.0,995.0,955.0,198.0,726376.0,131404.0,11839.58,-18149.72,23944.0,3358.4,5184.0,173.0,1.2657591164579711,372416.0,56672.0,90344.0,184.0,Vseobecna Uverova Banka (VUB),Slovakia,EY,Commercial Banks,,,3.6794922528994554,3.7860339106876504,19.725426927642996,0.6582752427627774,0.004816288379569766
SK1110001502,1275.0,1389.0,1040.0,259.0,756303.0,119835.0,6439.68,-902.32,25760.0,4736.2,13794.0,198.0,0.0,503976.0,13944.0,75696.0,249.0,Tatra banka,Slovakia,Deloitte,Commercial Banks,1748000919.7,2.0,5.319814745274753,5.795468769558143,57.55413693829015,0.8261359369132558,0.0
XS0422688019,575.0,731.0,560.0,92.0,434581.0,67558.0,1426.58,1404.94,14231.0,1318.7,4357.0,118.0,4.356670651263691,159896.0,5846.0,12008.0,79.0,Vattenfall,Sweden,PwC,Electric Utilities & Power Generators,,,4.255602593327215,5.410166079516859,32.24636608543769,0.8733236626306284,0.03224392855963536
XS2226123573,809.0,981.0,1372.0,99.0,516031.0,79507.0,2932.64,1672.66,18891.0,2492.0,2998.0,259.0,4.356305823373874,285384.0,1833.0,21573.0,141.0,Bank of Ireland,Ireland,KPMG,Commercial Banks,,,5.0876023494786615,6.169268114757191,18.85368583898273,1.628787402367087,0.02739573762922682
