words_pos,words_neg,words_uncertain,words_complex,chars,words,fog,flesch,difficult_words,smog,nums,tables,imgsize,year,start,end,Sustainability_Page_Count,company,country,auditor,SASB_industry
654,713,530,55,424564,64253,3401.76,-1578.58,17079,2053.2,1689,61,0.6760688365306311,232760,1150.0,14260.0,115,AMAG Austria Metall,Austria,EY,Metals & Mining
2059,1733,1472,769,1229387,198475,9484.03,-3771.82,39257,7434.7,16118,267,0.0966749267416435,696256,25456.0,143448.0,344,Raiffeisen Bank International,Austria,Deloitte,Commercial Banks
770,688,541,65,450431,68197,2530.79,2422.15,17647,2096.8,2366,60,2.3743426327501527,275264,2992.0,21352.0,136,PORR,Austria,EY,Engineering & Construction Services
210,246,22,124,907019,120791,4036.35,4072.18,34378,3185.4,5063,206,0.4002836868137819,406824,9246.0,49446.0,201,Lenzing,Austria,KPMG,Chemicals
1349,884,853,254,719443,119292,17503.42,-31264.64,22035,1960.6,9696,198,0.1210888980549736,429088,20776.0,65508.0,212,Erste Group Bank,Austria,PwC,Commercial Banks
580,551,396,69,292841,45007,2020.52,379.29,10867,1462.9,1586,53,1.139083157246841,178112,2992.0,10648.0,88,Telekom Austria (A1 Telekom Austria),Austria,EY,Telecommunication Services
1873,2775,1290,278,1116479,165449,5525.19,6014.23,42715,5616.8,5805,261,4.476620940546629,663872,31488.0,138744.0,328,OMV,Austria,KPMG,Oil & Gas – Refining & Marketing
743,1063,678,88,551793,82646,4203.45,1002.36,21551,3255.5,2638,90,0.0448129233811171,388608,29952.0,66624.0,192,Verbund,Austria,EY,Electric Utilities & Power Generators
539,713,410,150,295971,43866,2024.45,1722.43,11934,1902.7,1517,36,0.0,222640,4950.0,16940.0,110,Palfinger,Austria,PwC,Industrial Machinery & Goods
771,1124,698,124,516003,78083,2881.6,1108.75,20230,2415.9,3041,109,0.0,271216,9782.0,27604.0,134,Semperit,Austria,EY,Industrial Machinery & Goods
601,679,422,87,353786,52341,2419.4,308.43,14844,2089.7,1400,83,0.0,222640,8580.0,20570.0,110,Wienerberger,Austria,Deloitte,Construction Materials
417,447,370,37,259970,40888,2178.55,949.28,9762,1396.4,2041,70,1.9042988620108208,190256,10058.0,18800.0,94,Mayr Melnhof Karton,Austria,PwC,Containers & Packaging
732,1180,844,79,447108,65478,5217.9,-1333.46,18622,3707.2,1861,14,0.7372208116093037,412896,13056.0,54468.0,204,Schoeller-Bleckmann Oilfield Equipment,Austria,KPMG,Oil & Gas – Services
709,678,535,81,427187,65686,2354.75,1437.53,15130,1987.6,3174,72,0.0014976088082482,234784,6032.0,19372.0,116,Austrian Post,Austria,BDO,Air Freight & Logistics
850,746,570,99,390058,65532,3829.09,-818.84,14729,2663.9,3766,239,5.683841243295636,281336,4587.0,23769.0,139,Addiko Bank,Austria,KPMG,Commercial Banks
525,775,358,134,300630,44755,1801.47,83.11000000000006,11978,1466.9,1384,114,5.0443265956971794,165968,4592.0,11234.0,82,UCB,Belgium,Forvis Mazars,Biotechnology & Pharmaceuticals
502,655,372,39,221784,33556,1006.56,661.41,8297,910.8,1340,97,1.329238991290392,109296,2646.0,5508.0,54,Deceuninck,Belgium,PwC,Building Products & Furnishings
3679,4966,3640,612,2210056,329538,11032.47,7398.19,79482,11378.5,14436,358,4.637382111109156,1242736,614.0,376996.0,614,GBL Groupe Bruxelles Lambert,Belgium,PwC,Asset Management & Custody Activities
920,739,461,63,388462,58551,2977.47,752.9100000000001,16499,2386.0,1890,121,30.960205569899333,281336,22796.0,41978.0,139,Atenor,Belgium,BDO,Home Builders
591,605,378,74,247680,35238,1585.68,1004.64,10650,1572.1,1318,37,7.389686913804054,180136,13439.0,21271.0,89,Ontex,Belgium,PwC,Household & Personal Products
205,243,311,78,138471,21207,682.01,445.51,4977,662.6,928,37,0.2358525824885263,74888,5365.0,6697.0,37,AB InBev,Belgium,PwC,Alcoholic Beverages
445,412,248,46,244756,39428,1795.52,-1098.58,9298,846.1,1723,48,2.036491428840264,117392,4988.0,8294.0,58,Barco,Belgium,PwC,Hardware
784,888,574,137,412105,61291,2407.3,1617.17,16372,2130.2,3209,119,0.0,261096,14577.0,31089.0,129,Syensqo,Belgium,EY,Chemicals
561,870,472,112,305188,41855,2881.79,-2281.52,13142,1848.9,1540,57,12.276950456096198,218592,2916.0,14472.0,108,BW Offshore,Bermuda,KPMG,Marine Transportation
1127,951,776,191,617936,94180,2829.96,417.82,23608,2591.2,2717,38,2.0924038487694663,267168,5676.0,22968.0,132,Coca Cola HBC,Switzerland,PwC,Non-Alcoholic Beverages
1311,1269,1075,201,666469,100142,3424.74,2316.7,26391,3367.5,4667,146,0.1913756152442233,374440,13320.0,47360.0,185,Helvetia,Switzerland,KPMG,Insurance
334,382,309,37,177214,27488,1922.02,-1622.44,6457,945.9,1309,32,2.438169667879774,113344,8344.0,11424.0,56,dsm-firmenich,Switzerland,KPMG,Chemicals
1125,1429,1109,322,610421,90676,3073.27,2251.04,23652,2933.0,2952,20,5.31859892347342,321816,35298.0,60420.0,159,Deutsche Bank,Germany,EY,Investment Banking & Brokerage
919,1048,919,225,672329,104002,3347.85,408.05000000000007,25248,2753.7,2220,59,1.1708829797072986,313720,14105.0,37975.0,155,BMW,Germany,PwC,Automobiles
505,726,367,60,407663,64344,1726.55,2982.52,13771,1920.3,2759,55,0.0,234784,14964.0,28304.0,116,EnBW Energie Baden-Wuerttemberg,Germany,BDO,Electric Utilities & Power Generators
627,1067,758,153,498618,74785,2411.92,930.03,16677,2320.9,1836,246,0.0013103153300221,253000,12250.0,27750.0,125,Continental,Germany,PwC,Auto Parts
734,975,738,225,485651,74277,3335.63,421.5,18381,2522.4,2201,41,0.0,279312,12006.0,30912.0,138,Lanxess,Germany,KPMG,Chemicals
430,438,372,91,241254,36266,1822.39,-589.0899999999999,8933,1024.7,1578,83,7.2449733944340435,135608,3752.0,8174.0,67,DHL,Germany,Deloitte,Air Freight & Logistics
599,658,575,99,354563,52385,1552.18,1150.98,13409,1463.8,1188,28,0.0,172040,8075.0,15215.0,85,Deutsche Telekom,Germany,Deloitte,Telecommunication Services
1077,1227,962,348,643596,98776,2513.08,3371.4,26665,2618.1,1715,66,3.179035312279189,311696,22792.0,46354.0,154,Fresenius,Germany,PwC,Health Care Delivery
822,829,622,394,408680,61070,2110.98,563.98,16456,1852.7,1930,113,2.60919373795854,208472,5047.0,15553.0,103,Fresenius Medical,Germany,PwC,Health Care Delivery
390,267,317,70,242162,36643,1758.05,-509.49,9470,1172.0,785,84,0.4754999452396163,131560,5070.0,9230.0,65,Deutsche Börse,Germany,PwC,Security & Commodity Exchange
959,834,738,83,519805,79039,2802.93,5094.19,20828,3131.1,4958,10,4.065001326204984,400752,33066.0,72072.0,198,Bilfinger    ,Germany,PwC,Industrial Machinery & Goods
595,835,613,120,382165,57887,3512.51,-2440.29,13558,1864.9,1638,79,0.7539041386241868,224664,13320.0,25530.0,111,Covestro,Germany,KPMG,Chemicals
1483,1244,614,158,676657,98660,4850.83,766.02,27544,4237.3,2340,387,10.157878282179912,475640,22090.0,77080.0,235,Hochtief,Germany,Deloitte,Engineering & Construction Services
533,621,518,50,403761,59523,2336.54,186.67,15413,1889.0,1410,53,0.0,208472,10609.0,21115.0,103,Salzgitter,Germany,EY,Iron & Steel Producers
426,507,509,71,302964,45972,2030.29,-435.5,11240,1093.4,1866,52,0.0,151800,2700.0,8250.0,75,Jungheinrich,Germany,PwC,Industrial Machinery & Goods
779,584,532,110,376146,61957,2156.91,5046.7,12764,1999.4,12641,3,4.560152743568308,297528,16758.0,38220.0,147,ProCredit Holding,Germany,BDO,Commercial Banks
1293,1386,914,264,689361,104974,4093.33,783.76,26252,3287.7,1951,16,2.4542525582174304,390632,20072.0,57128.0,193,Merck,Germany,Deloitte,Biotechnology & Pharmaceuticals
940,1012,614,244,558326,88283,3753.6,1032.24,20844,2760.1,3864,82,1.521409410251606,348128,10492.0,39904.0,172,GEA,Germany,PwC,Industrial Machinery & Goods
917,1138,613,220,459695,67957,3761.74,-885.6899999999999,18947,2433.3,2698,96,2.402852630349801,291456,7488.0,28080.0,144,Puma ,Germany,KPMG,"Apparel, Accessories & Footwear"
354,507,427,86,282762,43500,2267.71,-1995.76,10340,901.4,1137,53,0.1919867366291568,123464,5551.0,9211.0,61,Rheinmetall,Germany,Deloitte,Aerospace & Defence
385,475,380,69,304333,47410,2629.27,195.83000000000004,12168,1878.1,2494,76,0.0057672150608818,228712,8362.0,21018.0,113,RWE,Germany,Deloitte,Electric Utilities & Power Generators
753,784,617,193,494711,72924,4242.71,-2652.74,18589,2473.4,1658,38,0.0,293480,16240.0,37120.0,145,Mercedes-Benz,Germany,PwC,Automobiles
658,665,389,272,397264,60505,2518.1,481.21,15175,2064.1,1499,118,0.6832535573512655,230736,13338.0,26220.0,114,SAP,Germany,BDO,Software & IT Services
305,592,371,48,261975,39132,1874.47,991.62,9578,1845.6,1553,64,0.0,202400,11100.0,21000.0,100,Sartorius,Germany,PwC,Medical Equipment & Supplies
1115,1420,902,240,807820,122800,4900.43,2471.38,29875,3982.1,2925,71,5.443211622194398,485760,55200.0,112560.0,240,Volkswagen,Germany,EY,Automobiles
1070,1097,1124,217,589314,87973,3461.12,-827.9599999999999,21622,2532.0,1755,15,0.0256827983799295,271216,13400.0,31222.0,134,Deutsche Lufthansa,Germany,EY,Airlines
933,1241,1164,310,660527,97919,2423.55,907.62,22032,2418.7,2625,129,0.3356489534379518,269192,7315.0,24871.0,133,Allianz,Germany,PwC,Insurance
525,712,773,127,429169,65433,3447.56,-2967.7,14042,1882.6,2146,71,0.0935167500289676,208472,6283.0,16789.0,103,Munich Re,Germany,EY,Insurance
751,941,494,121,420798,61325,3610.84,-1780.97,17016,2111.8,1717,61,2.9650204614273283,263120,11830.0,28600.0,130,Nordex,Germany,KPMG,Wind Technology & Project Developers
667,812,493,75,391737,58397,2643.41,-663.4699999999999,14807,1775.9,1749,15,0.0,208472,11433.0,21939.0,103,MTU Aero Engines,Germany,KPMG,Aerospace & Defence
440,330,299,53,227100,35057,2110.11,203.65,8751,1341.7,1579,62,4.005606337231409,176088,10005.0,17487.0,87,AIXTRON,Germany,KPMG,Semiconductors
363,669,519,39,320893,49194,1235.13,1679.42,11557,1363.6,2167,22,0.0,153824,4560.0,10260.0,76,freenet,Germany,KPMG,Telecommunication Services
393,357,289,50,206032,31250,1460.77,-248.01000000000008,7782,948.9,1058,29,0.1729297213546165,111320,2805.0,5775.0,55,Scout24,Germany,PwC,Internet Media & Services
341,430,243,127,219218,33329,1371.86,346.04,8136,964.0,2030,49,0.0,123464,6283.0,9943.0,61,Brenntag,Germany,Deloitte,Chemicals
1359,1781,918,297,696859,104031,4642.62,1095.37,28720,4030.5,3051,96,16.392122276585855,441232,30520.0,77826.0,218,adidas,Germany,PwC,"Apparel, Accessories & Footwear"
750,801,534,55,398791,59052,2778.4,-2035.65,14430,1479.7,1470,33,0.0,174064,3698.0,11008.0,86,Telefónica Deutschland,Germany,PwC,Telecommunication Services
935,762,485,42,432828,66278,1910.38,1897.82,16464,1800.1,2378,6,0.0,218592,5616.0,17172.0,108,Vonovia,Germany,PwC,Real Estate
421,374,316,68,216400,33126,1093.68,1242.35,8579,1140.7,1195,43,0.0,129536,5568.0,9600.0,64,Jenoptik,Germany,EY,Hardware
279,218,230,52,153261,22594,1492.92,-871.22,6089,869.9,1393,38,0.0,107272,2332.0,5088.0,53,TeamViewer,Germany,PwC,Software & IT Services
941,1108,673,446,607610,92128,3679.76,1573.65,24120,3025.1,2355,55,0.9140725162023036,366344,26607.0,59187.0,181,BASF,Germany,Deloitte,Chemicals
1056,1192,764,248,564761,84450,2397.83,2321.46,21383,2597.6,2561,37,0.0,291456,13968.0,34560.0,144,Bayer,Germany,Deloitte,Biotechnology & Pharmaceuticals
1192,1090,1219,213,824616,145676,6494.33,1501.72,27625,3839.4,14099,220,0.9128279770724482,516120,12495.0,77265.0,255,Commerzbank,Germany,KPMG,Commercial Banks
599,676,455,170,377394,56740,1908.88,1042.21,13865,1615.3,1562,210,5.036655800960452,198352,6370.0,15876.0,98,Daimler Truck,Germany,KPMG,Industrial Machinery & Goods
1252,1069,963,386,917229,163784,6374.73,6378.79,29744,5970.1,12186,290,0.0,647680,63360.0,165440.0,320,DZ BANK,Germany,PwC,Commercial Banks
641,715,388,88,378502,56756,677.04,1545.65,13855,808.9,1323,42,0.4581897037387435,109296,1674.0,4536.0,54,E.ON,Germany,KPMG,Electric Utilities & Power Generators
761,882,656,162,483006,75627,2160.42,3121.8,18020,2260.7,3348,124,2.632112801847634,269192,12369.0,29925.0,133,Evonik,Germany,KPMG,Chemicals
377,407,307,82,226837,34348,842.55,1362.46,8338,971.3,1085,24,0.5415330231428432,119416,3127.0,6549.0,59,Hensoldt,Germany,KPMG,Semiconductors
862,1350,657,211,521623,79025,3666.64,1613.89,20559,3090.1,3272,39,0.0129551706636664,354200,20650.0,51100.0,175,Hapag Lloyd,Germany,KPMG,Marine Transportation
546,595,423,123,325285,49740,2170.73,-242.87,12738,1246.1,1396,3,0.0,159896,4187.0,10349.0,79,Knorr-Bremse,Germany,KPMG,Industrial Machinery & Goods
471,786,652,176,422364,65550,2658.32,1784.15,15687,2340.0,2028,161,0.5107397620512154,263120,14430.0,31200.0,130,KION Group,Germany,KPMG,Industrial Machinery & Goods
543,637,493,77,379229,58052,1659.61,1619.3,13125,1671.8,2320,73,0.2243049297480949,190256,6862.0,15604.0,94,K+S,Germany,PwC,Chemicals
394,457,387,36,247439,37704,1256.0,1180.94,9066,1259.1,1571,72,0.4265622739431759,143704,8591.0,13561.0,71,LEG Immobilien,Germany,Deloitte,Real Estate
770,1018,687,123,748060,114713,1517.17,1439.23,23506,1623.6,2188,128,2.5883637965034216,180136,7565.0,15397.0,89,Porsche,Germany,EY,Automobiles
412,520,293,121,319913,48040,1626.8,930.42,11844,1537.9,1580,56,1.1129915815488003,176088,11745.0,19227.0,87,ProSiebenSat.1 Media,Germany,PwC,Media & Entertainment
395,550,373,79,230918,36754,1357.27,1142.16,8595,1296.0,1286,6,0.0,143704,5396.0,10366.0,71,RENK Group,Germany,PwC,Industrial Machinery & Goods
1037,1102,951,179,540031,82716,2429.36,376.94,18179,2050.3,3021,32,0.020339063665464,212520,9240.0,20160.0,105,Talanx,Germany,PwC,Insurance
713,1080,704,129,526530,79528,3180.38,1754.02,19737,2706.9,2498,42,0.0,321816,16377.0,41499.0,159,Uniper,Germany,PwC,Electric Utilities & Power Generators
529,768,449,113,318203,47654,2573.02,-106.00000000000006,12522,1790.1,1142,0,1.6733369454832574,218592,13176.0,24732.0,108,WACKER Chemie,Germany,PwC,Chemicals
821,824,493,94,397991,59446,2696.86,933.09,16267,2244.2,2540,139,0.011049045776447,265144,20698.0,37728.0,131,Zalando,Germany,KPMG,E-Commerce
413,350,522,37,321858,61028,2977.63,-861.22,10120,1634.3,3710,45,7.396759476676479,200376,2970.0,12672.0,99,Nykredit,Denmark,EY,Commercial Banks
462,589,414,102,289601,44209,1503.57,-231.8,10382,1072.2,1508,72,10.621406346768971,119416,3068.0,6490.0,59,Carlsberg,Denmark,PwC,Alcoholic Beverages
441,620,294,42,271555,40945,2599.01,-758.22,10799,1659.2,1568,82,10.891592706969334,196328,3395.0,12707.0,97,Copenhagen Airport,Denmark,Deloitte,Professional & Commercial Services
368,576,351,59,231713,34297,1824.25,52.57000000000003,9122,1332.2,1307,59,7.9973092698099455,161920,3440.0,9760.0,80,Rockwool,Denmark,PwC,Building Products & Furnishings
396,550,263,74,203565,30660,1883.29,-610.6999999999999,8035,1073.8,1319,95,9.50910250332645,141680,4620.0,9450.0,70,FLSmidth,Denmark,EY,Engineering & Construction Services
597,705,407,192,329308,50391,1510.32,1457.51,12590,1521.4,1758,148,8.935163589500315,167992,4399.0,11205.0,83,Mærsk,Denmark,PwC,Marine Transportation
446,869,422,31,310261,48144,1288.38,991.93,11013,1122.6,1687,79,4.227981878723623,131560,2340.0,6500.0,65,MT Højgaard Holding,Denmark,EY,Engineering & Construction Services
504,386,303,158,213364,31723,1505.28,-685.54,8277,1110.7,1062,32,3.510165732455175,115368,4617.0,7809.0,57,Genmab,Denmark,Deloitte,Biotechnology & Pharmaceuticals
341,608,288,69,247757,39341,1710.94,-45.29000000000005,8989,1117.5,1372,30,9.513634764580924,131560,2600.0,6760.0,65,GN Store Nord,Denmark,PwC,Medical Equipment & Supplies
548,781,875,107,407196,63390,2178.06,-122.54999999999998,12141,1319.4,8302,228,2.390715092531398,170016,3276.0,10248.0,84,Danske Bank,Denmark,Deloitte,Commercial Banks
253,336,225,11,159020,24447,1685.38,-1232.26,5417,773.2,1234,102,9.151209022693909,111320,2145.0,5115.0,55,Solar,Denmark,Deloitte,Solar Technology & Project Developers
256,390,210,40,177611,26659,1126.8,656.16,6804,1001.2,935,59,6.168493256464571,121440,3240.0,6780.0,60,NKT,Denmark,PwC,Electrical & Electronic Equipment
330,503,384,65,225996,33831,2186.69,-1442.77,9408,1179.1,878,53,7.937283425555536,145728,2880.0,7992.0,72,Bavarian Nordic,Denmark,KPMG,Biotechnology & Pharmaceuticals
610,526,321,81,300871,44154,2052.86,-636.28,10909,1720.5,1964,181,6.68130404725979,188232,4464.0,13020.0,93,European Energy,Denmark,KPMG,Wind Technology & Project Developers
315,369,215,29,234653,37116,1337.33,466.63,7861,886.0,1200,49,3.1052195404442453,121440,3120.0,6660.0,60,Spar Nord Bank,Denmark,Deloitte,Commercial Banks
254,357,174,127,180154,27483,712.5,762.67,6750,759.1,1098,46,2.072396199564108,87032,1806.0,3612.0,43,DSV,Denmark,PwC,Air Freight & Logistics
803,986,566,153,398300,63001,2503.04,-332.3299999999999,14212,1618.6,2649,139,3.439371184242897,204424,5656.0,15756.0,101,Ørsted,Denmark,PwC,Electric Utilities & Power Generators
246,258,140,57,149431,22534,1696.08,-1255.64,5711,836.2,971,44,6.778765083861636,111320,2585.0,5555.0,55,Pandora,Denmark,EY,"Apparel, Accessories & Footwear"
382,357,224,52,171430,26093,1740.68,-269.06000000000006,6913,1033.5,950,25,4.58727263052516,141680,3500.0,8330.0,70,Novonesis,Denmark,EY,Biotechnology & Pharmaceuticals
391,563,260,130,223617,34759,1496.62,-566.9799999999999,8323,812.1,1136,44,5.049822918163149,105248,2652.0,5304.0,52,ISS,Denmark,PwC,Professional & Commercial Services
354,489,296,57,195669,29995,1828.87,134.18999999999997,7752,1232.8,1096,59,5.058416544401752,151800,2625.0,8175.0,75,NNIT,Denmark,EY,Software & IT Services
318,432,272,48,211817,32289,1546.94,268.3,8850,1091.8,1094,41,8.79696219257116,141680,4970.0,9800.0,70,Royal Unibrew,Denmark,Deloitte,Alcoholic Beverages
387,725,365,47,242826,36918,1610.35,762.1899999999999,9366,1326.7,1261,56,19.890863543754826,159896,4187.0,10349.0,79,Tryg,Denmark,PwC,Insurance
387,533,344,44,238158,36553,1714.6,133.25000000000006,8923,1221.4,1438,76,3.9259078225427606,149776,4588.0,9990.0,74,DFDS,Denmark,PwC,Marine Transportation
375,348,240,81,180982,28335,1964.43,-792.56,6909,884.6,1316,78,8.131908257900061,133584,3432.0,7722.0,66,Demant,Denmark,PwC,Medical Equipment & Supplies
462,417,333,43,313083,55359,2466.23,872.6400000000001,8896,1756.4,11024,140,0.9851127373429778,200376,5247.0,14949.0,99,Ringkjøbing Landbobank,Denmark,PwC,Commercial Banks
391,613,306,84,236057,35528,1658.22,-48.190000000000026,8638,1243.2,1547,133,4.386484898762387,143704,4331.0,9301.0,71,Nilfisk,Denmark,Deloitte,Industrial Machinery & Goods
273,594,192,61,239276,35853,2754.8,-1642.89,9697,1486.6,1266,98,11.728177755458791,188232,5766.0,14322.0,93,Netcompany,Denmark,EY,Internet Media & Services
808,931,600,147,398136,60610,1497.55,917.44,14485,1344.0,1613,33,7.928247664566199,165968,4182.0,10824.0,82,Vestas,Denmark,Deloitte,Wind Technology & Project Developers
297,529,282,52,194846,29754,1927.4,-556.9,7474,1203.8,1459,55,4.389749255977294,141680,2520.0,7350.0,70,ALK,Denmark,PwC,Biotechnology & Pharmaceuticals
391,678,296,118,283121,42681,1851.44,298.94,11146,1453.2,1557,66,3.348239958893551,174064,5074.0,12384.0,86,Lundbeck,Denmark,PwC,Biotechnology & Pharmaceuticals
457,722,282,162,281764,42786,953.57,742.6,10034,989.8,2136,104,3.182586146934603,109296,2484.0,5346.0,54,Novo Nordisk,Denmark,Deloitte,Biotechnology & Pharmaceuticals
437,449,367,37,224829,34912,1136.5,824.99,9017,1077.8,1431,121,0.3466105181657903,117392,1972.0,5278.0,58,TKM Grupp,Estonia,PwC,Food Retailers & Distributors
1918,1488,1201,208,1013836,155098,7423.61,1788.4,39602,5340.6,8694,760,8.995777946884546,613272,2121.0,93627.0,303,Aena,Spain,KPMG,Air Freight & Logistics
2080,1669,1224,332,853990,128016,6252.39,2491.35,35648,5191.7,7865,528,25.73289074815221,617320,27755.0,120475.0,305,Cellnex,Spain,Deloitte,Telecommunication Services
1092,1108,759,232,642441,93252,4273.72,1648.2,24630,3460.4,3281,329,11.744592457755685,425040,210.0,44100.0,210,Amadeus IT,Spain,EY,Software & IT Services
1783,1567,1542,516,1249490,200531,6744.75,1699.1,40945,6039.1,11676,302,9.265227811471645,688160,93500.0,208760.0,340,BBVA,Spain,EY,Commercial Banks
1143,1182,1325,351,757963,116959,4240.84,2243.36,26338,3361.0,13175,453,6.491850745049326,433136,3852.0,49434.0,214,Banco Santander,Spain,PwC,Commercial Banks
42,50,74,153,1024304,159216,9676.65,6003.26,52101,7392.9,7339,317,8.795838364375065,888536,7463.0,199745.0,439,Acciona,Spain,KPMG,Engineering & Construction Services
1787,1950,1501,333,810916,118639,4670.87,-634.0500000000001,31744,4227.1,2825,509,2.598868854909078,423016,31559.0,75031.0,209,EDP Renováveis,Portugal,PwC,Electric Utilities & Power Generators
1468,1531,1256,229,844643,126379,4721.61,3201.91,32553,4976.9,5399,143,8.236891357597669,536360,42665.0,112625.0,265,Endesa,Spain,KPMG,Electric Utilities & Power Generators
1647,1608,1096,265,820944,121878,4594.72,253.7,30880,3843.9,5438,369,9.142783315289202,441232,4578.0,51884.0,218,Enagas,Spain,EY,Oil & Gas – Midstream
1578,1443,1545,334,864173,130655,7152.18,6401.64,34846,6799.4,5219,178,47.46401306309382,785312,66348.0,216504.0,388,Caixabank,Spain,PwC,Commercial Banks
1399,1403,1234,247,835299,122739,9015.58,1747.55,34382,7093.3,5612,249,31.890812921258892,835912,413.0,170569.0,413,Iberdrola,Spain,KPMG,Electric Utilities & Power Generators
1520,1574,1199,329,907992,136038,5858.47,4937.72,34964,4801.7,4398,168,16.754296746739172,599104,25456.0,112776.0,296,Inditex,Spain,EY,"Apparel, Accessories & Footwear"
2417,1535,1341,268,1059966,174837,7791.07,-1725.14,37098,5193.1,6203,426,30.643246905192903,603152,8046.0,96552.0,298,Minor Hotels Europe & Americas,Spain,PwC,Hotels & Lodging
1259,1203,814,274,666825,98656,5337.4,1706.2,26163,3897.7,9775,340,21.335824467339148,475640,44415.0,99405.0,235,Grifols,Spain,Deloitte,Biotechnology & Pharmaceuticals
1324,1380,1240,287,915958,138826,4042.46,1774.78,32756,3903.1,6166,322,4.362557191847051,412896,16932.0,58344.0,204,Repsol ,Spain,PwC,Oil & Gas – Exploration & Production
899,1127,722,180,542944,91317,6446.81,-1304.31,19234,3449.8,12180,123,16.71393445851558,423016,46189.0,89661.0,209,Prosegur,Spain,EY,Professional & Commercial Services
489,560,336,165,313423,47573,1930.64,-746.91,11491,1267.5,2496,186,0.0905135866150662,139656,18216.0,22908.0,69,IAG,Spain,KPMG,Airlines
293,483,285,35,254914,37748,1589.29,166.85000000000002,8390,1285.0,1447,38,0.3088375611176043,143704,5183.0,10153.0,71,Kesko,Finland,Deloitte,Food Retailers & Distributors
657,663,435,74,297401,42732,2502.56,-2251.65,11730,1300.5,1274,65,5.290583101174051,159896,5767.0,11929.0,79,Tietoevry,Finland,Deloitte,Software & IT Services
531,605,484,107,314954,46344,2703.4,-915.96,11735,1695.9,1653,76,6.188929814795705,206448,2652.0,12954.0,102,Fiskars,Finland,EY,Appliance Manufacturing
502,743,528,147,331062,47646,2566.27,-2784.88,11861,1375.3,1671,36,1.1591109261553445,147752,2409.0,7665.0,73,Huhtamaki,Finland,KPMG,Containers & Packaging
791,1004,581,45,485528,76584,870.78,676.09,13066,901.0,4389,122,0.0,93104,644.0,2714.0,46,Metsä,Finland,KPMG,Pulp & Paper Products
1009,890,567,104,429899,63562,3908.55,-4000.25,14985,1830.7,2685,114,5.088346646452786,212520,9030.0,19950.0,105,Nokia,Finland,Deloitte,Hardware
382,355,311,101,223287,33938,740.25,934.8,7627,828.5,1208,64,0.3105972031942067,93104,4048.0,6118.0,46,Wärtsilä,Finland,PwC,Appliance Manufacturing
655,641,511,102,315952,46279,2121.77,-1228.79,11273,1322.9,1646,60,0.0,155848,6391.0,12243.0,77,Kemira,Finland,EY,Chemicals
640,532,410,65,327681,48854,2655.79,-814.27,12641,1668.9,1533,72,7.167912900912503,206448,3774.0,14076.0,102,Nokian Tyres,Finland,EY,Auto Parts
794,731,631,122,403996,58173,2042.45,-327.7700000000001,13809,1689.9,1290,19,0.0,172040,4080.0,11220.0,85,Konecranes,Finland,EY,Industrial Machinery & Goods
656,885,525,57,343090,51506,1418.92,-109.75999999999998,11829,1029.1,1740,49,58.01169118221102,119416,4071.0,7493.0,59,Stora Enso,Finland,PwC,Pulp & Paper Products
737,816,564,123,459305,71934,1371.7,226.92,14255,1069.3,2269,212,0.7712321304451876,123464,3843.0,7503.0,61,UPM,Finland,EY,Pulp & Paper Products
632,653,556,46,423199,65608,2024.84,256.18,12865,1721.4,3976,24,0.0,178112,1584.0,9240.0,88,HKFoods,Finland,EY,"Meat, Poultry & Dairy"
270,318,239,24,229524,34070,1659.76,-1266.9,8341,974.9,684,83,6.439225419029957,105248,4264.0,6916.0,52,Atria,Finland,Deloitte,"Meat, Poultry & Dairy"
404,715,503,77,354655,52341,1121.31,1250.01,11712,1315.4,3174,100,0.0,149776,2516.0,7918.0,74,Fortum,Finland,Deloitte,Electric Utilities & Power Generators
539,521,558,109,260555,37562,841.72,-849.6899999999999,8270,494.6,907,41,0.0,52624,130.0,780.0,26,Rapala VMC,Finland,Deloitte,Toys & Sporting Goods
448,663,336,58,289280,42450,1654.54,-510.73,10776,1098.9,1310,19,0.7999517094372743,133584,2442.0,6732.0,66,Elisa,Finland,EY,Telecommunication Services
535,537,430,87,275391,41018,1723.5,97.61,9882,1403.4,1393,26,7.351561816097797,159896,2449.0,8611.0,79,Etteplan,Finnland,KPMG,Industrial Machinery & Goods
456,563,399,75,248621,37077,1359.25,-491.9,8777,892.1,1010,54,0.5041190564977753,101200,5000.0,7450.0,50,Neste,Finland,KPMG,Oil & Gas – Refining & Marketing
357,335,284,72,170356,26059,1658.65,-594.8299999999999,5655,723.8,1466,56,6.638977669429812,109296,54.0,2916.0,54,Kone,Finland,EY,Industrial Machinery & Goods
553,908,650,72,313818,45705,2434.62,-1905.06,11580,1414.4,843,69,0.0,165968,2050.0,8692.0,82,Orion,Finland,KPMG,Medical Equipment & Supplies
932,827,1009,228,618781,102910,2333.27,1292.98,18487,2057.3,12693,162,1.9952378601567304,224664,9213.0,21423.0,111,Nordea,Finland,PwC,Commercial Banks
548,572,449,21,316938,48142,16258.81,-37835.1,10524,344.8,1117,42,3.812404207196628,133584,1914.0,6204.0,66,Sitowise,Finland,KPMG,Engineering & Construction Services
813,670,515,74,359267,51574,2500.3,-1239.81,13234,1730.9,1384,146,15.82179423628526,214544,7632.0,18762.0,106,Kempower,Finnland,EY,Electrical & Electronic Equipment
524,519,370,27,248070,35975,1987.07,-1193.64,9148,1262.8,778,47,0.0290258895857399,153824,1900.0,7600.0,76,WithSecure ,Finland,PwC,Software & IT Services
413,687,527,68,289400,43098,1271.62,1425.47,9297,1341.6,1517,56,1.0003025043604945,159896,4345.0,10507.0,79,Sampo,Finland,Deloitte,Insurance
686,813,1014,75,423709,59266,3893.34,-4447.96,16744,2123.8,1575,74,3.965129206348846,220616,4687.0,16459.0,109,FinnAir,Finland,KPMG,Airlines
391,433,270,59,227745,33534,1229.71,-96.14,7996,858.8,962,41,0.0163486824160624,103224,2703.0,5253.0,51,Kalmar Global,Finland,EY,Industrial Machinery & Goods
777,772,579,72,469223,73001,2681.39,1454.1,16321,2304.9,4338,93,0.0465188003902226,257048,12573.0,28575.0,127,Icade,France,Forvis Mazars,Real Estate
886,890,942,397,670025,105120,3440.93,2127.3,22167,2921.1,11692,172,0.3085818457514935,333960,7260.0,34320.0,165,Crédit Agricole,France,PwC & Forvis Mazars,Commercial Banks
787,594,485,230,502885,76502,2814.78,2175.63,19168,2517.2,4984,143,6.424838788725025,291456,17136.0,37728.0,144,Sopra Steria,France,ACA Nexia & Saint Front,Software & IT Services
1369,1390,772,269,618452,92105,2983.73,1617.15,23395,2802.6,4792,145,150.95877181350667,305624,21895.0,44545.0,151,Atos,France,Forvis Mazars,Software & IT Services
953,874,619,297,445588,69026,1946.08,2060.6,17440,1940.0,3115,40,0.1087613666692281,226688,10416.0,22848.0,112,Teleperformance,France,PwC,Software & IT Services
916,1162,1006,252,657940,99824,3659.01,1739.4,24863,3054.6,4529,102,174.97154562254778,354200,8575.0,39025.0,175,Hermes,France,PwC,"Apparel, Accessories & Footwear"
581,647,406,87,433714,66711,1839.78,2034.92,16178,1909.2,2517,55,1.722530750466554,210496,12168.0,22880.0,104,TF1,France,EY,Media & Entertainment
1356,1411,1147,185,865748,134542,4570.57,3845.09,33395,4014.8,8589,151,0.4085883048664415,467544,24255.0,77385.0,231,Covivio,France,EY,Real Estate
808,1397,677,298,532889,80253,2398.43,1706.7,20271,2307.4,3562,60,0.028291818362624,250976,40300.0,55552.0,124,SAFRAN,France,Forvis Mazars & EY,Aerospace & Defence
613,958,679,160,479491,74255,1687.73,2072.0,16374,1828.8,4762,234,5.830415801481276,210496,29016.0,39728.0,104,Air Liquide,France,PwC & KPMG,Chemicals
902,1269,1045,208,640876,96182,4292.81,-1809.77,23213,3405.5,3176,106,0.0,327888,6642.0,32724.0,162,CNP assurances,France,KPMG & Forvis Mazars,Insurance
844,1325,947,349,719809,111944,2607.97,2395.25,24582,2807.3,5978,108,0.6687707517919358,295504,40150.0,61320.0,146,TotalEnergies,France,EY,Oil & Gas – Exploration & Production
683,684,432,143,352254,52673,1933.45,975.41,13965,1882.4,2549,80,1.2066730201475035,198352,18326.0,27832.0,98,L’Oréal,France,Deloitte & EY,Household & Personal Products
848,1673,905,263,672743,103868,3242.74,1183.13,24391,2516.9,3840,127,4.158701066769763,301576,17582.0,39634.0,149,Accor,France,PwC,Hotels & Lodging
1080,1530,1056,469,713577,107525,2707.22,3120.48,26985,2826.5,5067,136,2.385608399687996,327888,162.0,26244.0,162,Sanofi,France,PwC & Forvis Mazars,Biotechnology & Pharmaceuticals
700,1194,911,345,548396,82201,2533.21,1841.62,20506,2669.5,5259,100,0.0,289432,18447.0,38753.0,143,AXA,France,EY & KPMG,Insurance
2003,1834,1617,537,1187108,178561,5264.83,5243.36,41932,5556.2,6153,112,0.4696504255255052,599104,49136.0,136456.0,296,Danone,France,Forvis Mazars,Processed Foods
1111,1537,813,187,627840,92178,3492.08,1077.68,23322,3507.2,5433,215,1.0956694289104136,348128,10148.0,39560.0,172,Imerys,France,Deloitte & PwC,Metals & Mining
1167,1020,695,231,695885,106369,4070.09,1911.07,26223,3550.1,5427,102,0.0,392656,9118.0,46560.0,194,LVMH,France,Deloitte,"Apparel, Accessories & Footwear"
808,825,573,137,480308,72651,2178.28,1358.42,18360,2183.5,2880,74,0.3690080150314909,222640,17490.0,29480.0,110,Kering,France,Deloitte & PwC,"Apparel, Accessories & Footwear"
1050,1472,692,369,612102,89561,2845.29,1467.24,24358,2981.4,3773,96,0.0,311696,51128.0,74690.0,154,EssilorLuxottica,France,PwC,Medical Equipment & Supplies
1740,1698,1291,427,842054,124993,3307.04,2640.86,31802,3411.5,5295,229,1.0003710882043837,376464,17856.0,52266.0,186,Schneider Electric,France,PwC & Forvis Mazars,Electrical & Electronic Equipment
1290,1466,755,249,748783,114921,2622.65,2262.89,26623,2590.4,5803,82,0.5802297474614974,295504,25550.0,46720.0,146,Veolia,France,KPMG & EY,Water Utilities & Services
986,926,554,193,545894,84386,2818.62,1649.73,20715,2580.8,3511,84,0.656420788946886,297528,21609.0,43071.0,147,Op Mobility,France,PwC & EY,Building Products & Furnishings
800,835,775,196,501866,77914,2356.37,2446.28,18049,2321.3,4821,124,5.040089773650213,263120,13520.0,30290.0,130,Saint-Gobain,France,Deloitte,Construction Materials
2229,1872,1271,553,1078068,166175,4566.11,2780.03,40047,4324.7,7435,108,0.0061737001283918,471592,32387.0,86443.0,233,Capgemini,France,Forvis Mazars,Software & IT Services
828,874,513,175,531386,80032,1511.95,2012.84,19386,1625.4,4066,60,0.0121020415430305,184184,18746.0,26936.0,91,VINCI,France,PwC,Engineering & Construction Services
561,789,587,134,386102,59125,1696.11,1636.61,13873,1700.6,2299,73,17.86559359016564,186208,2576.0,10948.0,92,Vivendi,France,Deloitte & Grant Thornton,Media & Entertainment
645,1079,1171,371,538665,80383,2548.1,455.76,20383,2247.9,2217,37,0.043951685520072,230736,30666.0,43548.0,114,Société Générale,France,PwC & KPMG,Commercial Banks
834,1005,1022,328,648074,99589,6183.84,-4061.75,21595,3326.5,10583,193,0.0,396704,134064.0,172284.0,196,BNP Paribas,France,Deloitte & EY,Commercial Banks
884,1494,919,217,630405,93181,2991.5,1601.97,23887,2902.8,3547,135,0.8819414864489284,305624,14496.0,37146.0,151,Renault,France,KPMG & Forvis Mazars,Automobiles
958,838,624,101,475407,71630,2687.54,717.1,19116,2298.3,3078,59,2.8446934239630868,248952,10947.0,25953.0,123,iliad,France,Deloitte,Telecommunication Services
667,1273,865,327,624174,96885,3417.37,1111.4,22333,2880.0,5143,134,0.3643296484202096,315744,10764.0,34944.0,156,Engie,France,Deloitte & EY,Electric Utilities & Power Generators
1090,1127,810,196,608257,93004,3156.57,2104.98,22240,2947.8,5316,153,0.0,321816,15423.0,40545.0,159,Legrand,France,PwC & Forvis Mazars,Electrical & Electronic Equipment
931,1363,734,67,701451,106110,3977.44,1733.48,26899,3583.8,4662,111,0.2593057096616433,386584,12033.0,48323.0,191,Clariane,France,Forvis Mazars,Health Care Delivery
1223,1679,1228,393,765053,117247,2654.34,2993.71,27121,2846.8,4825,135,4.189109905897095,315744,33540.0,57720.0,156,Rexel,France,PwC & KPMG,Industrial Machinery & Goods
899,1590,984,140,680814,106368,3844.0,1220.11,25937,2912.3,3912,226,2.7534056815393706,329912,40261.0,66667.0,163,Getlink,France,KPMG & Forvis Mazars,Rail Transportation
862,1128,1045,248,631589,94230,2898.2,2274.44,22798,2853.9,4766,62,0.0086972344429897,313720,39370.0,63240.0,155,Coface,France,Deloitte,Insurance
1174,863,371,103,417573,58770,1888.76,579.8,17056,2054.9,2156,22,1.721282911734321,208472,6283.0,16789.0,103,74Software,France,ACA Nexia & Forvis Mazars,Software & IT Services
812,1093,727,87,538064,82254,2827.16,1712.71,19699,2498.2,3467,44,0.296528372357031,279312,5934.0,24840.0,138,Fnac Darty,France,KPMG & Deloitte,Multiline and Specialty Retailers & Distributors
913,1303,545,260,488767,72709,2253.26,1728.61,18640,2232.2,3585,78,1.3335062018616302,255024,8946.0,24696.0,126,Worldline,France,Deloitte,Software & IT Services
316,563,353,49,252827,37915,1648.98,1018.31,9196,1690.1,1669,65,0.0,186208,7268.0,15640.0,92,Sartorius Stedim Biotech,France,PwC,Medical Equipment & Supplies
1221,912,732,168,614493,92745,2936.41,1618.52,23008,2679.2,5126,133,0.0014323904634544,297528,19845.0,41307.0,147,Unibail-Rodamco-Westfield (URW),France,KPMG & Deloitte,Real Estate
476,500,325,39,329454,53049,1437.95,2000.23,12108,1359.2,3206,136,3.7438711731321623,170016,5292.0,12264.0,84,Thermador Groupe,France,KPMG,Multiline and Specialty Retailers & Distributors
460,637,839,273,406020,66303,3456.04,-2767.1,13225,1948.8,3600,112,0.0050370969224249,220616,6213.0,17985.0,109,HSBC Continental Europe,France,PwC,Commercial Banks
1238,867,759,168,610044,89889,3617.3,263.13,23761,3208.6,4384,44,1.608025072567648,333960,10230.0,37290.0,165,Dassault Systèmes,France,PwC,Software & IT Services
758,1110,666,159,493699,74069,2569.35,2220.48,19601,2576.1,2950,146,1.5809693381428795,285384,24111.0,43851.0,141,Michelin,France,Deloitte & PwC,Auto Parts
1955,3206,1944,306,1213316,184124,7507.37,4403.35,45959,6138.9,8214,431,6.73351862390982,752928,11532.0,149544.0,372,ELO,France,PwC & KPMG,Food Retailers & Distributors
1009,1148,658,204,649483,98616,3143.06,3023.03,23619,2991.5,5282,136,2.6203360523106447,344080,35530.0,64260.0,170,Air France-KLM,France,KPMG & PwC,Airlines
491,627,735,145,360134,53961,1848.73,203.12,12843,1687.8,1162,37,0.2417357097704683,167992,3071.0,9877.0,83,Barclays Bank,United Kingdom,KPMG,Commercial Banks
656,1033,649,157,402250,60570,1793.58,-61.339999999999975,14312,1380.9,1844,54,1.0690755905495184,155848,17402.0,23254.0,77,Unilever,United Kingdom,KPMG,Household & Personal Products
422,434,451,115,239134,35896,1065.52,-704.1999999999999,8235,649.2,1152,36,0.1994012894524297,70840,7350.0,8540.0,35,RELX,United Kingdom,EY,Professional & Commercial Services
830,1028,939,301,535141,81223,1928.61,911.35,18372,1756.5,2200,52,2.5101735180799287,202400,34300.0,44200.0,100,Shell,United Kingdom,EY,Oil & Gas – Exploration & Production
1064,1028,605,89,488321,70822,3156.24,-584.26,19584,2452.1,1650,191,1.1701158664866416,273240,3780.0,21870.0,135,LAMDA Development,Greece,EY,Real Estate
342,498,303,41,201142,29892,1047.45,-141.20999999999998,7568,740.1,1238,21,5.290815766676703,89056,1188.0,3080.0,44,Arena Hospitality,Croatia,Deloitte,Hotels & Lodging
522,614,369,81,280207,42459,1455.33,-719.52,9318,854.0,1389,31,1.1133647150853176,103224,1581.0,4131.0,51,Hrvatski Telekom,Croatia,Deloitte,Telecommunication Services
687,656,440,112,325775,49067,1581.38,-1178.93,10897,860.8,1535,75,3.051930417588421,99176,3822.0,6174.0,49,Kingspan,Ireland,EY,Building Products & Furnishings
479,702,604,34,291546,45668,1810.47,-356.89000000000004,9991,1218.8,1371,59,8.921385748473318,143704,7029.0,11999.0,71,Glenveagh Properties,Ireland,KPMG,Home Builders
632,739,703,75,358040,54690,1544.44,694.97,12778,1334.7,1437,107,18.266805809064905,157872,3510.0,9516.0,78,AIB,Ireland,PwC,Commercial Banks
632,739,703,75,358040,54690,1544.44,694.97,12778,1334.7,1437,107,18.266805809064905,157872,3510.0,9516.0,78,ALLIED IRISH BANKS PLC,Ireland,PwC,Commercial Banks
1523,1368,1417,501,1141915,193936,8433.57,-6825.81,37479,4559.2,7856,1242,0.5275442555926795,477664,33276.0,88736.0,236,Intesa Sanpaolo,Italy,EY,Commercial Banks
880,1321,829,265,672774,101161,3331.05,-139.08999999999992,25579,2939.0,3436,67,0.6494906217642967,283360,19320.0,38780.0,140,Eni,Italy,PwC,Oil & Gas – Exploration & Production
716,628,399,65,479148,75399,3447.09,603.09,18193,3220.6,3480,155,0.8035843992133627,323840,12480.0,37920.0,160,Edison,Italy,KPMG,Electric Utilities & Power Generators
680,465,381,121,332177,51945,2358.77,1073.28,13609,2133.9,1791,212,3.1699380699401107,226688,9408.0,21840.0,112,Leonardo,Italy,EY,Aerospace & Defence
770,587,553,144,344846,50220,3018.87,-355.58,14608,2264.7,2422,115,10.5461263878909,244904,11132.0,25652.0,121,Amplifon,Italy,KPMG,Health Care Distributors
1615,1545,1094,324,845568,126839,6215.17,3075.04,34221,5001.9,4929,82,12.363435404998118,607200,8100.0,97800.0,300,Prysmian,Italy,EY,Electrical & Electronic Equipment
2260,1165,1237,495,1009375,164705,6505.21,-5783.46,33796,3324.1,8227,214,0.3349734424547363,376464,25482.0,59892.0,186,UniCredit,Italy,KPMG,Commercial Banks
443,660,561,126,350931,59487,2675.94,374.19000000000005,11388,1660.9,7161,25,7.61142276174571,214544,23532.0,34662.0,106,VP Bank,Liechtenstein,PwC,Asset Management & Custody Activities
800,947,514,103,437201,65486,2593.51,475.23,16255,2048.5,2563,52,2.133372602647561,242880,20280.0,34560.0,120,Ignitis,Lithuania,KPMG,Electric Utilities & Power Generators
541,721,527,56,318818,48240,2591.38,-1133.11,12396,1644.2,1305,54,6.854622261902358,186208,4876.0,13248.0,92,Telia Lithuania,Lithuania,PwC,Telecommunication Services
936,879,672,93,420347,61015,2620.24,-272.59000000000003,16583,2088.6,2826,83,0.0305030383377673,226688,5600.0,18032.0,112,Aroundtown,Luxembourg,KPMG,Real Estate
698,817,602,75,402381,60978,1329.42,588.1,14355,1354.3,1983,87,2.1374210843932437,137632,7072.0,11628.0,68,Allegro,Luxembourg,PwC,E-Commerce
481,680,504,83,319459,48219,2076.71,389.43,11989,1631.7,1890,78,7.0097691437007175,182160,8640.0,16650.0,90,InPost,Luxembourg,PwC,Air Freight & Logistics
489,547,286,118,293385,43790,1165.4,934.18,10907,1260.6,2013,31,3.817195622382096,137632,4080.0,8636.0,68,Zabka,Luxembourg,EY,Food Retailers & Distributors
916,851,547,76,489464,76167,2160.76,1872.08,17446,1991.3,1798,23,7.302929317590782,236808,5382.0,18954.0,117,KPN,Netherlands,EY,Telecommunication Services
800,908,812,180,451598,67082,2879.32,879.39,17251,2776.2,2001,364,56.01274771363348,299552,20424.0,42180.0,148,Heineken,Netherlands,Deloitte,Alcoholic Beverages
831,585,438,127,383477,56716,2759.04,-2043.09,14376,1374.7,2966,85,0.0032131162988943,172040,14025.0,21165.0,85,Philips,Netherlands,EY,Electric Utilities & Power Generators
486,1137,460,154,377648,56720,2571.35,1803.05,14236,2543.7,1575,108,1.6441063699955023,285384,8883.0,28623.0,141,STMicroelectronics,Netherlands,EY,Semiconductors
692,918,848,232,457069,68888,1811.06,1855.34,16767,2023.1,2958,45,0.5564723549217664,220616,14170.0,25942.0,109,Airbus,France,EY,Aerospace & Defence
403,568,351,86,253494,38190,1805.64,-1432.35,9121,998.6,916,124,1.4183185247086387,113344,4368.0,7448.0,56,Acomo,Netherlands,EY,Processed Foods
403,568,351,86,253494,38190,1805.64,-1432.35,9121,998.6,916,124,1.4183185247086387,113344,4368.0,7448.0,56,AMSTERDAM COMMODITIES,Netherlands,EY,Processed Foods
573,307,213,60,164028,24085,614.84,576.7,6680,658.6999999999999,953,71,2.005720716928255,74888,2072.0,3404.0,37,ASM International,Netherlands,KPMG,Semiconductors
736,885,769,67,413859,62848,1627.83,32.75999999999999,13694,1247.4,2798,116,9.53048855320218,141680,4200.0,9030.0,70,BAM,Netherlands,EY,Engineering & Construction Services
450,498,323,96,251772,38920,1649.76,1373.23,9536,1376.1,4563,50,2.6965737245200363,170016,6720.0,13692.0,84,SBM Offshore,Netherlands,Deloitte,Oil & Gas – Exploration & Production
548,475,188,114,216661,32595,1137.96,635.35,8404,1118.3,1875,45,0.5160515534619055,121440,5400.0,8940.0,60,Randstad,Netherlands,Deloitte,Professional & Commercial Services
440,357,286,121,244393,36606,1168.26,740.08,8909,1133.4,1507,44,2.822888393236476,129536,5760.0,9792.0,64,Wolters Kluwer,Netherlands,Deloitte,Professional & Commercial Services
584,788,466,63,311401,46800,1518.03,570.74,11644,1319.9,2019,136,2.0135306258268457,151800,6225.0,11775.0,75,TKH,Netherlands,EY,Software & IT Services
434,505,391,59,243370,36935,1429.58,-129.49000000000007,8691,1031.1,1727,61,0.0,119416,3599.0,7021.0,59,AMG Critical Materials,Netherlands,KPMG,Chemicals
572,530,433,147,317816,47309,2418.43,-268.4799999999999,12662,1632.6,957,72,3.36655672472297,222640,6710.0,18700.0,110,Arcadis,Netherlands,PwC,Engineering & Construction Services
1275,1433,574,136,562726,82268,2543.6,995.08,22087,2257.9,2004,73,0.0272566944293451,261096,30315.0,46827.0,129,PostNL,Netherlands,KPMG,Air Freight & Logistics
1629,894,768,182,608504,99073,4546.43,-1566.7099999999998,21408,2835.5,2539,453,78.57831174094626,331936,27224.0,53956.0,164,ASML Holding,Netherlands,KPMG,Semiconductors
726,1064,900,178,500362,76421,1965.28,2339.83,17547,2187.4,2296,78,1.8032083346663268,248952,14760.0,29766.0,123,NN,Netherlands,KPMG,Insurance
608,711,594,138,395115,58758,3191.17,-2948.07,14122,1772.9,2317,45,1.1562063367572346,196328,12998.0,22310.0,97,IMCD,Netherlands,Deloitte,Chemicals
367,603,363,88,219576,31774,1515.65,122.54000000000002,9167,1241.6,944,53,73.20779208873805,141680,21350.0,26180.0,70,Argenx,Netherlands,Deloitte,Biotechnology & Pharmaceuticals
849,853,1295,158,552850,87785,4456.53,-1447.65,19519,2636.0,5874,149,2.618627249185145,297528,31605.0,53067.0,147,ABN Amro,Netherlands,EY,Commercial Banks
841,679,525,75,429048,65013,2836.32,277.0899999999999,16905,2378.0,1798,208,2.1118112571796392,248952,20664.0,35670.0,123,Ferrari,Italy,Deloitte,Automobiles
750,1125,716,171,529551,85034,1996.45,2881.53,18167,2074.0,2700,65,31.418371280183443,250976,10416.0,25668.0,124,Royal Ahold Delhaize,Netherlands,KPMG,Food Retailers & Distributors
404,638,603,178,266105,40626,1115.26,816.28,10258,1001.8,1344,55,2.549069303358067,123464,5612.0,9272.0,61,ING,Netherlands,KPMG,Commercial Banks
862,666,558,87,382903,57321,2001.44,-292.32999999999987,14027,1579.1,2425,48,2.1005505560644773,170016,2856.0,9828.0,84,Signify,Netherlands,EY,Electrical & Electronic Equipment
1095,1282,836,176,574910,85681,1679.45,3267.07,19670,1991.7,3117,166,1.0076813234203406,259072,16896.0,33152.0,128,ASR Nederland,Netherlands,KPMG,Insurance
324,287,205,52,188568,28094,1589.39,972.67,7627,1211.1,1036,75,22.132358155585703,167992,3735.0,10541.0,83,Redcare Pharmacy,Netherlands,Forvis Mazars,Drug Retailers
451,442,472,62,195642,29165,1534.96,-709.25,8150,868.4,565,27,1.8779628448065917,109296,4266.0,7128.0,54,NIBC Bank,Netherlands,EY,Commercial Banks
321,531,251,35,187318,28845,990.54,-414.1,6303,555.5,891,17,4.7451176908474775,68816,646.0,1768.0,34,Alfen,Netherlands,PwC,Electrical & Electronic Equipment
759,547,446,156,340560,53969,2403.86,-398.8800000000001,11995,1615.7,1659,55,10.73931657938792,192280,9025.0,17955.0,95,Adyen,Netherlands,PwC,E-Commerce
301,216,211,27,142806,21648,775.61,262.47,5384,678.0,920,40,1.2938267955795566,78936,2418.0,3900.0,39,TomTom,Netherlands,PwC,Internet Media & Services
1079,1213,708,188,587669,89394,4545.76,2443.73,24089,3735.4,3606,162,3.185323089602239,435160,27735.0,73745.0,215,Cementir Holding,Netherlands,PwC,Construction Materials
380,250,209,41,147706,22271,623.36,443.75,5755,661.3,598,40,2.707463924167581,70840,2310.0,3500.0,35,Cabka,Netherlands,BDO,Containers & Packaging
682,927,634,173,369402,53517,2754.67,-976.81,15611,2001.6,1580,76,1.606820434640523,214544,17914.0,29044.0,106,Stellantis,Netherlands,Deloitte,Automobiles
419,410,272,105,205968,30259,2031.46,-1616.18,8544,1070.4,1141,39,5.586294558906345,127512,2583.0,6489.0,63,Fugro,Netherlands,EY,Oil & Gas – Services
271,277,253,68,155088,22903,1377.27,-666.58,6123,1011.6,877,4,0.0,101200,5150.0,7600.0,50,Universal Music Group,Netherlands,EY,Media & Entertainment
1096,1239,636,272,570377,85480,2312.1,1963.64,22540,2336.2,2765,67,2.2370782083599123,259072,1280.0,17536.0,128,Iveco,Netherlands,Deloitte,Automobiles
1505,1415,1100,397,662697,97894,2987.68,1003.58,25653,2529.0,5534,281,1.55369900162734,295504,6132.0,27302.0,146,Ferrovial,Spain,EY,Engineering & Construction Services
1019,818,815,92,555096,85342,4278.39,-2409.99,19056,2476.8,8301,150,4.400466202077316,277288,7809.0,26441.0,137,Storebrand,Norway,PwC,Insurance
500,906,603,169,359004,53404,1098.11,1734.81,13190,1217.6,2595,86,8.217648241353984,147752,5183.0,10439.0,73,Norsk Hydro,Norway,KPMG,Metals & Mining
534,937,526,125,316752,47933,2197.5,-428.93,12174,1395.3,1486,125,8.31859550187673,170016,5796.0,12768.0,84,Telenor,Norway,EY,Telecommunication Services
877,1253,758,148,471994,70099,2259.01,114.95000000000002,17319,1810.8,1625,98,7.829340389442178,208472,8446.0,18952.0,103,Equinor,Norway,EY,Oil & Gas – Exploration & Production
760,930,914,132,799874,180946,5123.12,-2453.4,18547,2546.4,16006,195,0.0,297528,9114.0,30576.0,147,DNB Bank,Norway,EY,Commercial Banks
586,852,638,81,324179,51022,1820.73,2738.08,11671,1802.8,2054,44,9.269685813923283,226688,5264.0,17696.0,112,Gjensidige Forsikring,Norway,Deloitte,Insurance
388,538,345,50,215223,31917,587.74,388.18,7406,571.4,1839,43,3.795467370483454,70840,595.0,1785.0,35,Multiconsult,Norway,Deloitte,Engineering & Construction Services
782,610,475,64,357967,53302,2443.25,-881.67,14130,1518.0,1640,78,2.897878572033912,180136,5963.0,13795.0,89,Benefit Systems,Poland,KPMG,Professional & Commercial Services
1125,1397,984,162,849272,160995,6360.2,-1080.67,26340,3828.6,11811,169,2.631852943967635,410872,23751.0,64757.0,203,MBANK,Poland,KPMG,Commercial Banks
857,941,940,174,620720,104538,2902.77,3121.79,19442,2589.1,20972,311,2.623748561659108,303600,26550.0,48900.0,150,ING BANK ŚLĄSKI,Poland,Forvis Mazars,Commercial Banks
686,1040,796,137,557921,104878,3799.42,-904.83,16744,2364.8,13553,213,1.3184450980446418,259072,23680.0,39936.0,128,Santander Bank Polska,Poland,PwC,Commercial Banks
437,797,503,92,346789,53455,2341.99,1467.69,13675,2345.4,1835,67,1.4046642657746793,238832,42126.0,55932.0,118,Cyfrowy Polsat,Poland,EY,Telecommunication Services
287,501,318,36,269859,40723,1058.7,1119.63,9223,1099.7,1096,373,2.1313799095969945,115368,2565.0,5757.0,57,Dino Polska,Poland,KPMG,Food Retailers & Distributors
523,938,675,72,483500,74419,1951.75,1058.53,15160,2004.2,3687,473,1.8757293499211447,208472,11536.0,22042.0,103,ENEA,Poland,PwC,Electric Utilities & Power Generators
429,669,353,57,298603,44840,2258.83,2803.57,11860,2163.8,2102,95,33.636427131091914,257048,8509.0,24511.0,127,Eurocash,Poland,Grant Thornton,Food Retailers & Distributors
681,715,303,65,289927,42303,1590.67,1355.27,11951,1626.2,825,10,2.343829680011969,178112,7128.0,14784.0,88,Grupa Pracuj,Poland,EY,Professional & Commercial Services
426,561,410,80,367388,57566,1602.43,2746.92,14058,1717.2,2620,56,8.632807512185462,206448,5916.0,16218.0,102,LPP,Poland,Grant Thornton,"Apparel, Accessories & Footwear"
896,599,528,129,515552,82133,4646.71,-42.85999999999999,16642,3674.3,20320,921,1.2362873829816934,352176,21750.0,51852.0,174,Bank Polska Kasa Opieki,Poland,PwC,Commercial Banks
424,486,326,59,232348,35583,1707.4,1080.47,8728,1455.2,1325,72,2.972779853314675,176088,7830.0,15312.0,87,Wirtualna Polska Holding,Poland,PwC,Internet Media & Services
2285,2457,1983,402,1094829,162465,6279.44,-159.87,42354,5534.1,4692,667,2.7976457412643687,564696,23436.0,100998.0,279,EDP - Energias de Portugal,Portugal,PwC,Electric Utilities & Power Generators
1277,955,634,110,525028,75269,3652.3,758.53,22415,3665.1,4258,528,9.963593255642351,378488,8976.0,43758.0,187,Sonae,Portugal,PwC,Food Retailers & Distributors
1159,828,590,168,540559,77584,4667.15,2414.2,23763,4317.6,5480,56,30.728456952662587,483736,13623.0,70505.0,239,NOS,Portugal,KPMG,Telecommunication Services
780,768,766,154,530955,82022,1655.79,2609.75,17322,1972.5,7549,123,0.801600894403727,236808,8775.0,22347.0,117,SEB,Sweden,EY,Commercial Banks
1132,1099,946,176,659462,102148,3374.54,784.89,19727,2836.6,10733,192,0.0,311696,11550.0,35112.0,154,Swedbank,Sweden,PwC,Commercial Banks
569,784,544,64,343742,51783,3029.12,-1584.06,13233,1769.7,2351,82,2.9683042092585312,202400,6500.0,16400.0,100,Telia Company,Sweden,KPMG,Telecommunication Services
518,852,661,79,390417,59566,1854.12,-993.37,12529,904.5,2456,72,7.583538949293446,121440,2580.0,6120.0,60,Axfood,Sweden,Deloitte,Food Retailers & Distributors
355,447,376,57,208205,33067,1452.2,-606.09,7467,836.8,1969,72,2.0103117998218902,101200,3100.0,5550.0,50,Assa Abloy,Sweden,EY,Electrical & Electronic Equipment
983,916,868,162,598140,94463,3093.57,-240.83,16734,2276.1,11779,91,3.327625833491665,242880,30720.0,45000.0,120,Svenska Handelsbanken,Sweden,Deloitte,Commercial Banks
967,995,955,198,726376,131404,11839.58,-18149.72,23944,3358.4,5184,173,1.2657591164579711,372416,56672.0,90344.0,184,Vseobecna Uverova Banka (VUB),Slovakia,EY,Commercial Banks
1275,1389,1040,259,756303,119835,6439.68,-902.32,25760,4736.2,13794,198,0.0,503976,13944.0,75696.0,249,Tatra banka,Slovakia,Deloitte,Commercial Banks
575,731,560,92,434581,67558,1426.58,1404.94,14231,1318.7,4357,118,4.356670651263691,159896,5846.0,12008.0,79,Vattenfall,Sweden,PwC,Electric Utilities & Power Generators
809,981,1372,99,516031,79507,2932.64,1672.66,18891,2492.0,2998,259,4.356305823373874,285384,1833.0,21573.0,141,Bank of Ireland,Ireland,KPMG,Commercial Banks
